['밀작', '서울시 강서구 방화동 607-152', '02-2664-1025', '베이커리', '만원 미만', '주차공간없음', '10:00 - 23:00'],,,,,
['카페라클라스', '서울시 강서구 마곡동 736', '02-2664-1118', '카페 / 디저트', '만원 미만', '무료주차 가능', '10:00 - 23:00'],,,,,
['최윤진당진아구동태찜탕', '서울시 강서구 방화동 249-20', '02-877-7051', '해산물 요리', '만원-2만원', '00:00 - 24:00', 'None'],,,,,
['비라티오커피 (신방화역점)', '서울시 강서구 마곡동 739-4', '070-4138-5638', '카페 / 디저트', '만원 미만', '유료주차 가능', '월-금: 09:00 - 22:00\n토-일: 10:00 - 22:00'],,,,,
['밀작 (2호점)', '서울시 강서구 마곡동 739', '02-2664-1026', '카페 / 디저트', '만원 미만', '유료주차 가능', '월-토: 08:00 - 22:00\n일: 09:00 - 18:00'],,,,,
['존슨부대찌개', '서울시 강서구 마곡동 739-1', '02-3661-0600', '탕 / 찌개 / 전골', '만원-2만원', '주차공간없음', '11:00 - 22:00'],,,,,
['노가리깔까', '서울시 강서구 방화동 606-73', '010-8998-6645', '일반 주점', '만원 미만', '주차공간없음', '17:00 - 03:00'],,,,,
['페리카나 (방화2호점)', '서울시 강서구 방화동 580-53', '02-2666-9992', '닭 / 오리 요리', '만원 미만', 'None', 'None'],,,,,
['타베루', '서울시 강서구 마곡동 739-4', '070-8288-0982', '라멘 / 소바 / 우동', '만원 미만', '무료주차 가능', '11:00 - 21:00'],,,,,
['구름공방 (신방화역점)', '서울시 강서구 마곡동 739-4', '02-2661-9980', '치킨 / 호프 / 펍', '만원 미만', '무료주차 가능', '11:30 - 02:00'],,,,,
['브루드서울', '서울시 강서구 마곡동 760-1', '070-5025-2480', '카페 / 디저트', '만원 미만', '유료주차 가능', '10:00 - 23:00'],,,,,
['나우니스', '서울시 강서구 마곡동 760-1', '02-2668-7878', '브런치 / 버거 / 샌드위치', '만원 미만', '유료주차 가능 앙코르호텔 주차장 1시간 무료', '11:30 - 23:00'],,,,,
['악토버', '서울시 강서구 마곡동 760-1', '02-322-7199', '베이커리', '만원 미만', '유료주차 가능', '일-목: 10:00 - 21:00\n금-토: 10:00 - 22:00'],,,,,
['프랭크서울 (마곡나루역점)', '서울시 강서구 마곡동 757', '02-6989-8030', '기타 한식', '만원 미만', 'None', 'None'],,,,,
['송쭈집 (마곡나루점)', '서울시 강서구 마곡동 759', '02-3664-7892', '해산물 요리', '만원-2만원', '유료주차 가능 2시간 무료', '11:00 - 23:00'],,,,,
['꼼떼바베큐 (마곡점)', '서울시 강서구 마곡동 760-1', '02-6929-3990', '스테이크 / 바베큐', '만원-2만원', '11:30 - 22:30', '16:00 - 17:00'],,,,,
['필립앤노아', '서울시 강서구 마곡동 326-9', '02-3663-6601', '카페 / 디저트', '만원 미만', '무료주차 가능', '11:00 - 22:00'],,,,,
['뭄미', '서울시 강서구 방화동 197-10', '카페 / 디저트', '만원 미만', '식당 홈페이지로 가기', 'None', 'None'],,,,,
['앙키친', '서울시 강서구 마곡동 760', '02-3662-9889', '퓨전 일식', '만원 미만', '무료주차 가능', '월-금: 11:30 - 22:00\n토: 12:00 - 22:00'],,,,,
['올리브키친', '서울시 강서구 방화동 193-11', '02-6738-0093', '이탈리안', '만원 미만', '무료주차 가능', '10:30 - 22:00'],,,,,
['함흥본가', '서울시 강서구 등촌동 628-5', '02-3662-1556', '기타 한식', '만원-2만원', 'None', 'None'],,,,,
['소바트럭', '서울시 강서구 등촌동 639-8', '02-3662-7227', '라멘 / 소바 / 우동', '만원 미만', '무료주차 가능', '월-금: 11:30 - 24:00\n토: 12:00 - 24:00\n일: 12:00 - 23:00'],,,,,
['명태어장', '서울시 강서구 등촌동 628-18', '02-2668-1489', '해산물 요리', '만원-2만원', '유료주차 가능', '11:00 - 23:00'],,,,,
['뚜스뚜스', '서울시 강서구 등촌동 629-7', '02-3663-0000', '브런치 / 버거 / 샌드위치', '만원-2만원', '무료주차 가능', '07:30 - 01:30'],,,,,
['이가바지락손칼국수', '서울시 강서구 등촌동 65-20', '02-3661-2077', '국수 / 면 요리', '만원 미만', '주차공간없음', '09:00 - 22:00'],,,,,
['현이네초밥가게', '서울시 강서구 등촌동 641-11', '02-3661-2714', '회 / 스시', '만원-2만원', '무료주차 가능', '11:30 - 22:00'],,,,,
['오백년장어', '서울시 강서구 등촌동 661', '02-2668-8778', '해산물 요리', '4만원 이상', '발렛', '11:30 - 22:00'],,,,,
['더족발 (가양점)', '서울시 강서구 가양동 1480-5', '02-2063-3785', '고기 요리', '만원-2만원', '무료주차 가능', '16:00 - 24:00'],,,,,
['도쿄하나 (등촌점)', '서울시 강서구 등촌동 661-12', '02-2668-0853', '정통 일식 / 일반 일식', '3만원-4만원', '무료주차 가능', '11:30 - 22:00'],,,,,
['더플롯커피', '서울시 강서구 등촌동 656-49', '070-8840-1884', '카페 / 디저트', '만원 미만', '주차공간없음', '월-금: 09:30 - 24:00\n토-일: 10:00 - 24:00'],,,,,
['등촌최월선칼국수', '서울시 강서구 등촌동 654-95', '02-3661-2744', '국수 / 면 요리', '만원 미만', '주차공간없음', '11:30 - 21:30'],,,,,
['고양이똥2', '서울시 강서구 등촌동 636-3', '02-3662-1281', '카페 / 디저트', '만원 미만', '유료주차 가능', '10:00 - 24:00'],,,,,
['코끼리만두', '서울시 강서구 등촌동 654-78', '02-3662-1215', '한정식 / 백반 / 정통 한식', '만원 미만', '주차공간없음', '09:30 - 19:30'],,,,,
['유림', '서울시 강서구 염창동 5-17', '02-3665-3930', '닭 / 오리 요리', '만원-2만원', '무료주차 가능', '11:30 - 22:00'],,,,,
['뚜스뚜스', '서울시 강서구 등촌동 629-7', '02-3663-0000', '브런치 / 버거 / 샌드위치', '만원-2만원', '무료주차 가능', '07:30 - 01:30'],,,,,
['박가부대 (증미역점)', '서울시 강서구 염창동 240-21', '02-2093-2988', '탕 / 찌개 / 전골', '만원 미만', '식당 홈페이지로 가기', '수제햄부대찌개\n8,500원\n박가부대찌개\n7,000원\n김치부대찌개\n7,500원\n철판닭갈비\n9,000원\n치즈닭갈비\n10,000원']
['현이네초밥가게', '서울시 강서구 등촌동 641-11', '02-3661-2714', '회 / 스시', '만원-2만원', '무료주차 가능', '11:30 - 22:00'],,,,,
['깐부치킨 (증미점)', '서울시 강서구 등촌동 638-3', '02-6961-5252', '닭 / 오리 요리', '만원-2만원', '무료주차 가능', '15:00 - 01:00'],,,,,
['봉추찜닭 (가양점)', '서울시 강서구 염창동 240-21', '02-3661-6981', '닭 / 오리 요리', '만원-2만원', '주차공간없음', '10:00 - 22:00'],,,,,
['채선당 (등촌점)', '서울시 강서구 등촌동 631', '02-2063-8661', '고기 요리', '만원-2만원', '11:30 - 22:00', '21:30'],,,,,
['고양이똥', '서울시 강서구 등촌동 647-62', '02-6013-1281', '브런치 / 버거 / 샌드위치', '만원-2만원', '주차공간없음', '10:30 - 23:00'],,,,,
['동그라미곱창', '서울시 양천구 목동 960', '02-2642-2926', '고기 요리', '만원-2만원', '무료주차 가능', '15:30 - 02:00'],,,,,
['스시경', '서울시 양천구 목동 609-22', '02-2062-0677', '회 / 스시', '만원-2만원', '무료주차 가능', '월-토: 11:30 - 24:00\n일: 17:00 - 24:00'],,,,,
['옛날한우곱창전문', '서울시 강서구 등촌동 647-9', '02-2654-8026', '고기 요리', '만원-2만원', 'None', 'None'],,,,,
['할범탕수육', '서울시 양천구 목동 610-26', '02-2652-0883', '정통 중식 / 일반 중식', '만원 미만', '주차공간없음', '10:00 - 22:00'],,,,,
['외국포차', '서울시 양천구 목동 612-6', '010-2296-4433', '일반 주점', '만원-2만원', '유료주차 가능', '17:00 - 03:00'],,,,,
['유쾌했소', '서울시 양천구 목동 611-19', '02-2642-6565', '고기 요리', '만원-2만원', '주차공간없음', '18:00 - 06:00'],,,,,
['강서복집', '서울시 강서구 등촌동 648', '02-3661-6672', '해산물 요리', '무료주차 가능', '10:30 - 23:30', '연중무휴'],,,,,
['정일품삼계탕', '서울시 강서구 등촌동 648', '02-3661-8058', '닭 / 오리 요리', '만원-2만원', '', 'None'],,,,,
['골목집', '서울시 양천구 목동 614-1', '02-2648-3073', '기타 한식', '만원 미만', '주차공간없음', '09:00 - 23:00'],,,,,
['나폴레옹과자점 (목동점)', '서울시 양천구 목동 908-28', '02-2649-6644', '베이커리', '만원 미만', '무료주차 가능', '08:00 - 21:30'],,,,,
['가정경양', '서울시 양천구 목동 909-4', '02-2649-2458', '기타 한식', '만원-2만원', '유료주차 가능', '11:00 - 21:00'],,,,,
['토다이 (목동점)', '서울시 양천구 목동 908-28', '02-2645-7888', '뷔페', '3만원-4만원', '유료주차 가능', '11:30 - 22:00'],,,,,
['닐리 (목동점)', '서울시 양천구 목동 907-10', '02-2654-0427', '패밀리 레스토랑', '만원-2만원', '유료주차 가능 2시간 무료', '11:30 - 22:30'],,,,,
['원조쌈밥집 (목동점)', '서울시 양천구 목동 907-10', '02-2649-8878', '한정식 / 백반 / 정통 한식', '만원-2만원', '무료주차 가능', '11:30 - 22:00'],,,,,
['깐부치킨 (목동5단지점)', '서울시 양천구 목동 908', '02-2646-9233', '닭 / 오리 요리', '만원-2만원', '유료주차 가능 2시간 무료', '16:00 - 01:30'],,,,,
['본설렁탕 (목동점)', '서울시 양천구 목동 907-23', '02-2651-8700', '탕 / 찌개 / 전골', '만원 미만', '무료주차 가능', '08:00 - 23:00'],,,,,
['커피요리', '서울시 양천구 목동 908-29', '02-2643-0109', '카페 / 디저트', '만원 미만', '주차공간없음', '11:00 - 22:00'],,,,,
['선궁', '서울시 양천구 목동 907', '02-2062-0206', '정통 중식 / 일반 중식', '만원 미만', 'None', 'None'],,,,,
['등촌샤브칼국수 (목동점)', '서울시 양천구 목동 908-31', '02-2646-8666', '탕 / 찌개 / 전골', '만원-2만원', '무료주차 가능', '11:00 - 21:30'],,,,,
['베이커리옥토버', '서울시 영등포구 양평동4가 64-1', '02-3667-0915', '베이커리', '만원 미만', '주차공간없음', '10:30 - 21:00'],,,,,
['원조우렁된장너도나도식당', '서울시 영등포구 양평동5가 57-1', '02-2634-5469', '한정식 / 백반 / 정통 한식', '만원 미만', '주차공간없음', '월-토: 07:00 - 21:00\n일: 08:00 - 14:00'],,,,,
['또순이네', '서울시 영등포구 양평동4가 81', '02-2672-2255', '고기 요리', '만원-2만원', '무료주차 가능', '11:30 - 22:00'],,,,,
['엘카페커피로스터스 (본점)', '서울시 영등포구 양평동5가 2-1', '070-8269-0715', '카페 / 디저트', '만원 미만', '주차공간없음', '월-금: 08:00 - 21:00\n토-일: 12:00 - 21:00'],,,,,
['선유기지', '서울시 영등포구 양평동4가 153-4', '070-8862-3697', '카페 / 디저트', '만원 미만', '주차공간없음', '12:00 - 22:00'],,,,,
['나나캄', '서울시 영등포구 양평동4가 125-3', '02-2631-2377', '기타 한식', '만원 미만', '주차공간없음', '11:30 - 21:00'],,,,,
['엘디아', '서울시 영등포구 양평동4가 199', '070-8829-5057', '세계음식 기타', '만원-2만원', '무료주차 가능', '11:00 - 23:00'],,,,,
['홈앤브레드', '서울시 영등포구 양평동4가 161-17', '02-2633-8487', '베이커리', '만원 미만', '주차공간없음', '07:30 - 20:30'],,,,,
['스퀘어21', '서울시 영등포구 양평동5가 106-1', '02-2062-5445', '이탈리안', '만원-2만원', '무료주차 가능', '11:00 - 22:00'],,,,,
['호연', '서울시 영등포구 양평동4가 51-1', '02-2672-8823', '정통 중식 / 일반 중식', '만원 미만', '주차공간없음', '11:30 - 21:30'],,,,,
['도쿄등심블루 (여의도점)', '서울시 영등포구 여의도동 35-3', '02-782-2260', '고기 요리', '2만원-3만원', '11:00 - 23:00', '15:00 - 17:00'],,,,,
['폴앤폴리나 (여의도점)', '서울시 영등포구 여의도동 37', '02-761-1966', '베이커리', '만원 미만', '주차공간없음', '12:00 - 19:00'],,,,,
['바스버거 (여의도점)', '서울시 영등포구 여의도동 24-1', '02-784-6643', '브런치 / 버거 / 샌드위치', '만원 미만', '무료주차 가능 1시간 무료', '월-금: 11:00 - 23:00\n토-일: 11:30 - 21:00'],,,,,
['신원', '서울시 영등포구 여의도동 23-5', '02-3772-8366', '한정식 / 백반 / 정통 한식', '만원 미만', '무료주차 가능', '월-금: 11:00 - 22:30\n토-일: 11:00 - 15:00'],,,,,
['오케이버거', '서울시 영등포구 여의도동 23-8', '02-761-6420', '브런치 / 버거 / 샌드위치', '만원-2만원', '유료주차 가능', '월-금: 11:00 - 21:00\n토-일: 12:00 - 21:00'],,,,,
['피그인더가든', '서울시 영등포구 여의도동 23-5', '02-761-4272', '기타 양식', '만원-2만원', '유료주차 가능', '월-금: 08:00 - 22:00\n토-일: 10:00 - 21:00'],,,,,
['올라6 (파크센터점)', '서울시 영등포구 여의도동 28-3', '02-2070-7220', '이탈리안', '4만원 이상', '유료주차 가능', '11:30 - 22:30'],,,,,
['삼거리푸줏간 Blue (YG 리퍼블리크 IFC점)', '서울시 영등포구 여의도동 23', '02-6137-3034', '고기 요리', '만원-2만원', '무료주차 가능', '11:00 - 23:00'],,,,,
['송추가마골인어반', '서울시 영등포구 여의도동 25-11', '02-783-6008', '고기 요리', '2만원-3만원', '유료주차 가능', '11:00 - 22:00'],,,,,
['진주집', '서울시 영등포구 여의도동 36-2', '02-780-6108', '국수 / 면 요리', '만원 미만', '유료주차 가능', '월-금: 10:00 - 21:00\n토: 10:00 - 20:00'],,,,,
['카페 진정성 (디스트릭트와이점)', '서울시 영등포구 여의도동 45-1', '02-6484-5133', '카페 / 디저트', '만원 미만', '유료주차 가능', '월-금: 08:00 - 21:00\n토-일: 11:00 - 21:00'],,,,,
['가양칼국수버섯매운탕', '서울시 영등포구 여의도동 43-3', '02-784-0409', '국수 / 면 요리', '만원 미만', '유료주차 가능', '11:30 - 21:00'],,,,,
['팥이재', '서울시 영등포구 여의도동 45-19', '02-782-1822', '카페 / 디저트', '만원 미만', '무료주차 가능', '11:00 - 22:00'],,,,,
['브레드피트', '서울시 영등포구 여의도동 43-4', '02-782-0102', '베이커리', '만원 미만', '유료주차 가능', '09:00 - 19:00'],,,,,
['진주집', '서울시 영등포구 여의도동 36-2', '02-780-6108', '국수 / 면 요리', '만원 미만', '유료주차 가능', '월-금: 10:00 - 21:00\n토: 10:00 - 20:00'],,,,,
['파낙스', '서울시 영등포구 여의도동 45-19', '02-780-9037', '탕 / 찌개 / 전골', '만원-2만원', '유료주차 가능', '10:00 - 22:00'],,,,,
['대원', '서울시 영등포구 여의도동 36-4', '02-784-0879', '한정식 / 백반 / 정통 한식', '만원 미만', '주차공간없음', '11:00 - 24:00'],,,,,
['서궁 (여의도점)', '서울시 영등포구 여의도동 43-3', '02-780-7548', '정통 중식 / 일반 중식', '만원 미만', '유료주차 가능', '11:00 - 21:30'],,,,,
['헤븐온탑 (디스트릭트와이점)', '서울시 영등포구 여의도동 45-1', '카페 / 디저트', '만원 미만', '', 'None', 'None'],,,,,
['창고43 (본점1관)', '서울시 영등포구 여의도동 36-2', '02-783-4557', '고기 요리', '4만원 이상', '무료주차 가능', '10:00 - 22:00'],,,,,
['프랑세즈', '서울시 동작구 흑석동 8-37', '02-825-5265', '베이커리', '만원 미만', '유료주차 가능', '08:00 - 22:00'],,,,,
['터방내', '서울시 동작구 흑석동 184-19', '02-813-4434', '카페 / 디저트', '만원 미만', '주차공간없음', '11:00 - 24:00'],,,,,
['리얼후라이 (흑석본점)', '서울시 동작구 흑석동 180-4', '02-813-1804', '닭 / 오리 요리', '만원-2만원', '주차공간없음', '15:00 - 02:00'],,,,,
['성민양꼬치', '서울시 동작구 흑석동 51-6', '02-816-8522', '기타 중식', '만원-2만원', '유료주차 가능', '14:00 - 02:00'],,,,,
['탭하우스', '서울시 동작구 흑석동 181-1', '치킨 / 호프 / 펍', '만원 미만', '주차공간없음', 'None', 'None'],,,,,
['바야흐로', '서울시 동작구 흑석동 9-27', '070-7755-2889', '치킨 / 호프 / 펍', '만원-2만원', '주차공간없음', '월-토: 18:00 - 02:00\n일: 18:00 - 24:00'],,,,,
['삼목등심', '서울시 동작구 흑석동 95-20', '02-822-3035', '고기 요리', '만원-2만원', '17:00 - 22:00', 'None'],,,,,
['피자보이시나 (흑석점)', '서울시 동작구 흑석동 190-5', '02-815-6564', '이탈리안', '만원-2만원', '주차공간없음', '11:00 - 22:30'],,,,,
['산이네', '서울시 동작구 흑석동 207-17', '02-3280-2923', '일반 주점', '만원-2만원', '주차공간없음', 'None'],,,,,
['오후홍콩', '서울시 동작구 흑석동 188-15', '카페 / 디저트', '만원 미만', '주차공간없음', '10:00 - 22:00', '아메리카노\n3,000원'],,,,
['리틀크레이지피자', '서울시 서초구 반포동 1048', '02-591-0282', '기타 양식', '만원 미만', '주차공간없음', '11:00 - 21:30'],,,,,
['박종근과자점', '서울시 서초구 반포동 1050', '02-599-4295', '카페 / 디저트', '만원 미만', '주차공간없음', '월-금: 06:30 - 23:00\n토: 06:30 - 22:00\n일: 14:00 - 23:00'],,,,,
['흥미면옥', '서울시 서초구 반포동 816', '02-533-0329', '국수 / 면 요리', '만원 미만', '주차공간없음', '11:00 - 21:00'],,,,,
['소운빙 (반포점)', '서울시 서초구 반포동 978', '02-537-1195', '카페 / 디저트', '만원 미만', '무료주차 가능', '11:00 - 22:00'],,,,,
['아이언펍', '서울시 서초구 반포동 816', '02-534-5860', '일반 주점', 'None', 'None', 'None'],,,,,
['돈키', '서울시 서초구 반포동 816', '02-599-2747', '기타 한식', '만원 미만', '무료주차 가능', '11:30 - 20:30'],,,,,
['애플하우스', '서울시 서초구 반포동 978', '02-595-1629', '기타 한식', '만원 미만', '주차공간없음', '10:00 - 21:30'],,,,,
['스마일포차', '서울시 서초구 반포동 938', '02-534-0236', '전통 주점 / 포차', '만원-2만원', '주차공간없음', '17:00 - 04:00'],,,,,
['반포치킨', '서울시 서초구 반포동 1048', '02-599-2825', '닭 / 오리 요리', '만원-2만원', '주차공간없음', '11:30 - 24:20'],,,,,
['에이치플러스와이', '서울시 서초구 반포동 809', '02-3477-2612', '카페 / 디저트', '만원 미만', '무료주차 가능', '09:00 - 21:00'],,,,,
['김영모과자점 (신반포점)', '서울시 서초구 반포동 18-4', '02-3481-2004', '베이커리', '만원 미만', '유료주차 가능', '08:00 - 22:30'],,,,,
['산들해 (반포동점)', '서울시 서초구 반포동 18-3', '02-537-0113', '한정식 / 백반 / 정통 한식', '만원-2만원', '유료주차 가능', '11:30 - 21:30'],,,,,
['도깨비곱창', '서울시 서초구 반포동 2-8', '02-3477-6365', '고기 요리', '만원-2만원', '주차공간없음', '16:00 - 23:30'],,,,,
['블루테이블', '서울시 서초구 반포동 18-4', '02-534-8982', '카페 / 디저트', '만원 미만', '무료주차 가능', '월-금: 08:00 - 21:00\n토-일: 09:00 - 20:00'],,,,,
['드레꽃', '서울시 서초구 반포동 1-8', '02-3477-9567', '한정식 / 백반 / 정통 한식', '만원-2만원', '무료주차 가능', '11:30 - 21:20'],,,,,
['투썸플레이스 (반포래미안퍼스티지점)', '서울시 서초구 반포동 18-3', '02-593-2900', '카페 / 디저트', '만원 미만', '유료주차 가능', '08:00 - 22:30'],,,,,
['굿애프터눈', '서울시 서초구 반포동 2-8', '카페 / 디저트', '만원 미만', 'None', 'None', 'None'],,,,,
['낙원궁중떡집', '서울시 서초구 반포동 1-8', '02-592-3279', '베이커리', '만원-2만원', '주차공간없음', '05:00 - 20:00'],,,,,
['면', '서울시 서초구 반포동 2-8', '02-591-2359', '국수 / 면 요리', '만원-2만원', '08:00 - 22:00', 'None'],,,,,
['루나리치 (반포래미안점)', '서울시 서초구 반포동 18-3', '02-3477-3313', '이탈리안', '2만원-3만원', '11:00 - 21:00', '식당 홈페이지로 가기'],,,,,
['마루심', '서울시 서초구 반포동 54-10', '02-592-8998', '정통 일식 / 일반 일식', '3만원-4만원', '발렛 3,000원', '11:00 - 22:00'],,,,
['베를린크란츠', '서울시 서초구 반포동 52-8', '02-536-1888', '카페 / 디저트', '만원 미만', '무료주차 가능', '08:00 - 21:00'],,,,,
['조선면옥 (본점)', '서울시 서초구 반포동 59-3', '02-596-3304', '국수 / 면 요리', '만원-2만원', '유료주차 가능', '11:00 - 22:00'],,,,,
['삼순이호두파이전문점', '서울시 서초구 서초동 1685-3', '02-536-7743', '카페 / 디저트', '만원 미만', '무료주차 가능', '09:30 - 19:30'],,,,,
['경복궁', '서울시 서초구 반포동 44-5', '02-3482-3030', '한정식 / 백반 / 정통 한식', '2만원-3만원', '발렛', '11:30 - 22:00'],,,,,
['영양센터', '서울시 서초구 반포동 57-5', '02-532-9292', '기타 한식', '만원-2만원', '주차공간없음', '11:00 - 22:00'],,,,,
['닥터로빈 (반포점)', '서울시 서초구 반포동 58-8', '02-537-3621', '이탈리안', '만원-2만원', '유료주차 가능', '11:00 - 22:00'],,,,,
['팬차이나 (서초점)', '서울시 서초구 반포동 44-6', '02-3477-7799', '정통 중식 / 일반 중식', '3만원-4만원', '발렛', '11:00 - 22:00'],,,,,
['고구려 (서초지점)', '서울시 서초구 반포동 44-5', '02-3478-2277', '고기 요리', '2만원-3만원', '발렛', '11:30 - 22:00'],,,,,
['삿뽀로 (서초점)', '서울시 서초구 반포동 44-5', '02-3477-5544', '정통 일식 / 일반 일식', '4만원 이상', '발렛', '11:30 - 22:00'],,,,,
['육덕식당', '서울시 강남구 논현동 184-22', '02-511-1444', '고기 요리', '만원-2만원', '주차공간없음', '16:00 - 23:00'],,,,,
['더블트러블', '서울시 강남구 역삼동 810-13', '02-3477-8880', '브런치 / 버거 / 샌드위치', '만원-2만원', '유료주차 가능', '일-목: 12:00 - 22:00\n금-토: 12:00 - 22:30'],,,,,
['셰막', '서울시 강남구 역삼동 814-5', '02-3452-7077', '전통 주점 / 포차', '만원-2만원', '유료주차 가능', '일-목: 17:00 - 12:00\n금-토: 17:00 - 01:00'],,,,,
['지올리띠', '서울시 강남구 역삼동 601-1', '02-563-3364', '카페 / 디저트', '만원 미만', '주차공간없음', '10:30 - 23:00'],,,,,
['낙원타코', '서울시 강남구 역삼동 812-9', '02-556-1540', '남미 음식', '2만원-3만원', '주차공간없음', '11:30 - 23:00'],,,,,
['랩트웬티포', '서울시 강남구 역삼동 602', '02-511-4523', '프랑스 음식', '4만원 이상', '발렛', '11:30 - 22:30'],,,,,
['어메이징타이', '서울시 서초구 서초동 1309-1', '02-594-7377', '태국 음식', '만원 미만', '유료주차 가능', '11:30 - 21:30'],,,,,
['클로리스 (신논현점)', '서울시 강남구 역삼동 809-3', '02-557-7523', '카페 / 디저트', '만원 미만', '주차공간없음', '월-토: 10:00 - 23:30\n일: 10:00 - 23:00'],,,,,
['장남식당', '서울시 강남구 논현동 197-25', '02-511-8392', '고기 요리', '만원-2만원', '주차공간없음', '17:00 - 24:00'],,,,,
['이야기하나', '서울시 강남구 역삼동 811-3', '070-4190-8091', '고기 요리', '3만원-4만원', '무료주차 가능', '월-금: 18:00 - 05:00\n토: 17:00 - 05:00\n일: 17:00 - 01:00'],,,,,
['스시고메이', '서울시 중랑구 묵동 176-16', '02-948-7778', '회 / 스시', '2만원-3만원', '주차공간없음', '11:30 - 21:30'],,,,,
['한참치 (묵동본점)', '서울시 중랑구 묵동 171-4', '02-949-0448', '해산물 요리', '4만원 이상', '무료주차 가능', '월-토: 10:00 - 01:00\n일: 11:00 - 23:00'],,,,,
['디저트39 (묵동자이점)', '서울시 중랑구 묵동 170-1', '02-976-1090', '카페 / 디저트', '만원 미만', '유료주차 가능', '09:00 - 22:00'],,,,,
['세컨드고메', '서울시 중랑구 묵동 238-91', '02-975-8645', '이탈리안', '만원-2만원', '주차공간없음', '11:00 - 23:00'],,,,,
['진라멘', '서울시 중랑구 묵동 171-8', '라멘 / 소바 / 우동', '만원 미만', '주차공간없음', '11:30 - 22:00', '21:00'],,,,,
['라떼플로라', '서울시 중랑구 묵동 180-55', '02-432-9503', '카페 / 디저트', '만원 미만', '무료주차 가능', '09:00 - 23:00'],,,,,
['채선당 (묵동점)', '서울시 중랑구 묵동 169-11', '02-948-7220', '고기 요리', '만원-2만원', '11:00 - 22:00', '식당 홈페이지로 가기'],,,,,
['갬성식당', '서울시 중랑구 묵동 173-3', '010-9258-5022', '돈부리 / 일본 카레 / 벤토', '만원 미만', '무료주차 가능', '월-금: 11:30 - 22:00\n토: 12:00 - 21:00'],,,,,
['두루두루 베이비카페', '서울시 중랑구 묵동 122-206', '070-4225-2626', '카페 / 디저트', '만원 미만', '무료주차 가능', '10:00 - 19:00'],,,,,
['명동칼국수샤브샤브 (묵동 이마트점)', '서울시 중랑구 묵동 170-1', '02-973-0311', '국수 / 면 요리', '만원 미만', '무료주차 가능', '10:00 - 22:00'],,,,,
['숯불닭갈비에 반하닭', '서울시 중랑구 면목동 458-1', '02-433-9294', '닭 / 오리 요리', '만원-2만원', '주차공간없음', '12:00 - 24:00'],,,,,
['파파라멘', '서울시 중랑구 면목동 636-13', '02-2208-7600', '라멘 / 소바 / 우동', '만원 미만', '주차공간없음', '11:00 - 21:30'],,,,,
['내친구고양이카페', '서울시 중랑구 면목동 617-3', '010-8938-0575', '카페 / 디저트', '만원 미만', '무료주차 가능 공간협소', '월-금: 01:00 - 22:30\n토-일: 01:00 - 23:00'],,,,,
['웨일즈독', '서울시 중랑구 면목동 634-5', '010-7924-0215', '카페 / 디저트', '만원 미만', '주차공간없음', '14:00 - 24:00'],,,,,
['봉추찜닭 (사가정점)', '서울시 중랑구 면목동 473-10', '02-2207-6981', '닭 / 오리 요리', '만원-2만원', '주차공간없음', '11:00 - 12:00'],,,,,
['쥬스토', '서울시 중랑구 면목동 496-15', '010-8617-7313', '이탈리안', '2만원-3만원', '유료주차 가능', '일-수: 11:30 - 22:30\n목-토: 11:30 - 24:00'],,,,,
['치어스 (사가정역점)', '서울시 중랑구 면목동 601-2', '02-491-8204', '치킨 / 호프 / 펍', '만원-2만원', '15:00 - 03:00', '식당 홈페이지로 가기'],,,,,
['카페레블', '서울시 중랑구 면목동 498-4', '02-438-6477', '카페 / 디저트', '만원 미만', '주차공간없음', '월-토: 11:00 - 23:00\n일: 11:00 - 22:00'],,,,,
['맛닭꼬', '서울시 중랑구 면목동 634-35', '02-2208-3392', '치킨 / 호프 / 펍', 'None', 'None', 'None'],,,,,
['커피꾼', '서울시 중랑구 면목동 617-6', '02-434-2512', '카페 / 디저트', '만원 미만', 'None', 'None'],,,,,
['빠오즈푸', '서울시 광진구 군자동 361-32', '070-8991-4797', '딤섬 / 만두', '만원 미만', '주차공간없음', '11:30 - 21:30'],,,,,
['감성다방', '서울시 광진구 화양동 94-7', '02-466-4778', '카페 / 디저트', '만원 미만', '주차공간없음', '12:00 - 23:00'],,,,,
['모서리에커피집', '서울시 광진구 화양동 94-1', '02-6223-6008', '카페 / 디저트', '만원 미만', '주차공간없음', '11:30 - 22:00'],,,,,
['궤도에오르다 (본점)', '서울시 광진구 화양동 499-1', '02-446-5755', '기타 한식', '만원 미만', '주차공간없음', '10:00 - 23:00'],,,,,
['깍뚝', '서울시 광진구 화양동 116-9', '02-466-0106', '고기 요리', '만원-2만원', '주차공간없음', '15:00 - 03:00'],,,,,
['래빗홀 버거컴퍼니', '서울시 광진구 화양동 490-2', '02-446-0424', '브런치 / 버거 / 샌드위치', '만원 미만', '주차공간없음', '11:00 - 22:00'],,,,,
['샘터골 (건대본점)', '서울시 광진구 화양동 499-34', '02-453-9095', '한정식 / 백반 / 정통 한식', '만원-2만원', '주차공간없음', '10:00 - 21:30'],,,,,
['알고탭하우스', '서울시 광진구 군자동 373-8', '02-3409-2645', '치킨 / 호프 / 펍', '만원-2만원', '유료주차 가능', '16:00 - 02:00'],,,,,
['가츠시 (건대점)', '서울시 광진구 화양동 498-1', '02-444-2355', '까스 요리', '만원 미만', '주차공간없음', '11:00 - 21:30'],,,,,
['히릿', '서울시 광진구 화양동 111-72', '070-8870-4442', '카페 / 디저트', '만원 미만', '주차공간없음', '11:00 - 22:00'],,,,,
['홍명', '서울시 강남구 논현동 37-9', '02-548-2223', '정통 중식 / 일반 중식', '만원 미만', '무료주차 가능', '11:00 - 21:00'],,,,,
['세익스피어 베케이션', '서울시 강남구 논현동 78-8', '02-546-0656', '카페 / 디저트', '만원 미만', '무료주차 가능', '월-금: 08:00 - 22:00\n토: 12:00 - 22:00'],,,,,
['알로하포케', '서울시 강남구 논현동 38-6', '02-511-9183', '기타 양식', '만원 미만', '무료주차 가능', '월-금: 10:00 - 22:00\n토: 11:30 - 21:00'],,,,,
['갤러리로얄', '서울시 강남구 논현동 36-8', '02-514-1247', '이탈리안', '3만원-4만원', '발렛', '11:30 - 23:30'],,,,,
['들었다놨다참숯불닭갈비', '서울시 강남구 논현동 87-4', '02-511-2229', '닭 / 오리 요리', '만원-2만원', '무료주차 가능', '11:30 - 23:00'],,,,,
['빠비뚜엡', '서울시 강남구 논현동 80-24', '02-515-7340', '베이커리', '만원-2만원', '무료주차 가능', '00:00 - 24:00'],,,,,
['로이스퀸', '서울시 강남구 논현동 38-8', '02-535-3804', '카페 / 디저트', '만원 미만', '식당 홈페이지로 가기', 'None'],,,,,
['남포면옥 (논현동점)', '서울시 강남구 논현동 89-10', '02-540-2596', '국수 / 면 요리', '3만원-4만원', '발렛', '10:00 - 22:00'],,,,,
['베리블라썸다이닝', '서울시 강남구 논현동 78-11', '02-3443-8855', '칵테일 / 와인', '2만원-3만원', '10:00 - 24:00', '+ 4'],,,,,
['스타족발', '서울시 강남구 논현동 38-8', '070-5102-8574', '고기 요리', '만원-2만원', '무료주차 가능', '17:00 - 02:00'],,,,,
['메종엠오', '서울시 서초구 방배동 876-41', '070-4239-3335', '베이커리', '만원 미만', '무료주차 가능', '11:30 - 20:30'],,,,,
['브레드에스프레소앤', '서울시 서초구 방배동 938-20', '02-522-7450', '베이커리', '만원 미만', '무료주차 가능', '화-일: 09:00 - 22:00'],,,,,
['아트메이저', '서울시 서초구 방배동 897-2', '02-521-6239', '카페 / 디저트', '만원 미만', '유료주차 가능', '월-금: 08:00 - 24:00\n토-일: 09:00 - 23:00'],,,,,
['페이브', '서울시 서초구 방배동 850-34', '070-4441-0166', '베이커리', '만원 미만', '주차공간없음', '09:00 - 22:00'],,,,,
['매뉴팩트커피 (방배점)', '서울시 서초구 방배동 876-31', '카페 / 디저트', '만원 미만', '', 'None', 'None'],,,,,
['초우', '서울시 서초구 방배동 936-10', '02-587-5788', '기타 중식', '만원-2만원', '주차공간없음', '15:00 - 02:00'],,,,,
['미미치킨', '서울시 서초구 방배동 898-1', '02-586-7130', '닭 / 오리 요리', '만원-2만원', '무료주차 가능', '17:30 - 24:00'],,,,,
['뽕사부', '서울시 서초구 방배동 875-22', '02-3482-2970', '퓨전 중식', '만원-2만원', '09:30 - 21:00', 'None'],,,,,
['일미옥', '서울시 서초구 방배동 873-18', '02-533-7199', '탕 / 찌개 / 전골', '만원-2만원', '무료주차 가능', '10:30 - 22:00'],,,,,
['조개창고', '서울시 서초구 방배동 936-10', '010-9000-8678', '해산물 요리', '2만원-3만원', '16:00 - 02:00', 'None'],,,,,
['피터패트', '서울시 동작구 상도1동 801-1', '010-9268-5861', '카페 / 디저트', '만원 미만', '무료주차 가능', '월-금: 10:00 - 23:00\n토: 09:00 - 23:00\n일: 14:00 - 23:00'],,,,,
['중대양곱창', '서울시 동작구 상도1동 639-5', '02-822-7303', '고기 요리', '만원-2만원', '주차공간없음', '14:00 - 02:00'],,,,,
['오시오떡볶이', '서울시 동작구 상도1동 633-44', '02-825-7798', '기타 한식', '만원 미만', '주차공간없음', '11:00 - 19:00'],,,,,
['비스트로앤', '서울시 동작구 상도동 7-87', '02-811-0080', '이탈리안', '만원 미만', '주차공간없음', '11:00 - 22:30'],,,,,
['커피나무 (중대점)', '서울시 동작구 상도1동 646-1', '02-816-1391', '카페 / 디저트', '만원 미만', '주차공간없음', '08:00 - 23:00'],,,,,
['북경', '서울시 동작구 상도1동 402-1', '010-5512-7256', '정통 중식 / 일반 중식', '만원 미만', '', 'None'],,,,,
['상도갈비타운', '서울시 동작구 상도1동 522', '02-816-5492', '고기 요리', 'None', 'None', 'None'],,,,,
['야쿠야쿠 (상도점)', '서울시 동작구 상도1동 798-1', '02-822-2919', '이자카야 / 오뎅 / 꼬치', '만원-2만원', '주차공간없음', 'None'],,,,,
['탭하우스더슈라인', '서울시 동작구 상도1동 679', '02-813-0443', '치킨 / 호프 / 펍', '만원-2만원', '주차공간없음', '17:00 - 02:00'],,,,,
['스타동', '서울시 동작구 상도1동 792', '02-3280-7700', '돈부리 / 일본 카레 / 벤토', '만원 미만', 'None', 'None'],,,,,
['블랑제리가마 (신풍점)', '서울시 영등포구 신길동 2039', '베이커리', '만원 미만', 'None', 'None', 'None'],,,,,
['파전닭갈비', '서울시 영등포구 신길동 3711', '02-832-5989', '닭 / 오리 요리', '만원-2만원', '주차공간없음', '12:00 - 24:00'],,,,,
['식빵이야기', '서울시 영등포구 신길동 2039', '02-848-3655', '베이커리', '만원 미만', '무료주차 가능', '08:00 - 20:00'],,,,,
['신풍곱창', '서울시 영등포구 신길동 2826', '02-835-9220', '고기 요리', 'None', 'None', 'None'],,,,,
['커피메이플', '서울시 영등포구 신길동 424-10', '02-833-0026', '카페 / 디저트', 'None', 'None', 'None'],,,,,
['버섯생불고기개성면옥', '서울시 영등포구 신길동 3626', '02-832-5975', '탕 / 찌개 / 전골', '만원 미만', '10:50 - 22:00', '21:00'],,,,,
['커피마리오', '서울시 영등포구 신길동 3741-38', '070-4417-0111', '카페 / 디저트', 'None', 'None', 'None'],,,,,
['신마포갈매기 (신풍역점)', '서울시 영등포구 신길동 425-5', '02-2602-6092', '고기 요리', 'None', 'None', 'None'],,,,,
['오대리국수', '서울시 영등포구 신길동 3741-40', '국수 / 면 요리', '만원-2만원', 'None', 'None', 'None'],,,,,
['짝태시대 (신풍역점)', '서울시 영등포구 신길동 4947', '02-842-4321', '전통 주점 / 포차', '만원-2만원', 'None', 'None'],,,,,
['봉순게장', '경기도 부천시 작동 204-2', '032-682-0029', '한정식 / 백반 / 정통 한식', '만원-2만원', '무료주차 가능', '10:30 - 유동적'],,,,,
['썸오브에브리띵', '경기도 부천시 작동 372-1', '010-6489-6289', '카페 / 디저트', '만원 미만', '주차공간없음', '10:00 - 23:00'],,,,,
['김정수할머니보쌈막국수', '경기도 부천시 춘의동 254-9', '032-673-1150', '국수 / 면 요리', '만원-2만원', '무료주차 가능', '11:00 - 21:00'],,,,,
['카페리메인', '경기도 부천시 작동 427-3', '070-4130-0544', '카페 / 디저트', '만원 미만', '무료주차 가능', '월-토: 11:00 - 22:00\n일: 11:00 - 21:00'],,,,,
['카페커프엔드', '경기도 부천시 작동 438-3', '카페 / 디저트', '만원 미만', '+ 7', 'None', 'None'],,,,,
['이비가짬뽕 (까치울점)', '경기도 부천시 춘의동 417-3', '032-676-7758', '정통 중식 / 일반 중식', '만원 미만', '무료주차 가능', '11:00 - 21:30'],,,,,
['수타원 (춘의점)', '경기도 부천시 춘의동 414', '032-673-7444', '정통 중식 / 일반 중식', '만원 미만', '무료주차 가능', '11:00 - 22:00'],,,,,
['작동홍두깨칼국수', '경기도 부천시 춘의동 242', '032-679-9930', '국수 / 면 요리', '만원-2만원', '무료주차 가능', '10:00 - 21:00'],,,,,
['장어나라', '경기도 부천시 작동 435-1', '032-675-9285', '해산물 요리', '2만원-3만원', '무료주차 가능', '11:40 - 23:00'],,,,,
['키친모짜렐라', '경기도 부천시 작동 427-2', '032-678-4646', '이탈리안', 'None', 'None', 'None'],,,,,
['커피지니어스', '경기도 부천시 중동 1110', '032-652-1113', '카페 / 디저트', '만원 미만', '무료주차 가능', '월-금: 08:00 - 23:00\n토-일: 10:00 - 23:00'],,,,,
['아띠오아나폴리 핏제리아 (부천2호점)', '경기도 부천시 중동 1106', '032-611-4036', '이탈리안', '2만원-3만원', '무료주차 가능', '11:30 - 23:00'],,,,,
['탄두르', '경기도 부천시 중동 1130-10', '032-323-6338', '인도 음식', '만원-2만원', '유료주차 가능', '11:00 - 22:30'],,,,,
['드렁킨타이 (1호점)', '경기도 부천시 중동 1113', '070-8791-1212', '태국 음식', '만원-2만원', '유료주차 가능', '11:30 - 22:00'],,,,,
['로이스타코', '경기도 부천시 중동 1109', '032-548-7555', '남미 음식', '만원-2만원', '무료주차 가능', '11:00 - 24:00'],,,,,
['담다베이커리', '경기도 부천시 중동 1179', '010-2718-7870', '베이커리', '만원 미만', '무료주차 가능', '목-일: 12:00 - 20:30'],,,,,
['줄리앤줄리아', '경기도 부천시 중동 1109', '070-8883-1920', '카페 / 디저트', '만원 미만', '유료주차 가능', '11:00 - 23:00'],,,,,
['잇쇼니', '경기도 부천시 중동 1111', '070-4222-0613', '라멘 / 소바 / 우동', '만원 미만', '유료주차 가능', '11:30 - 22:00'],,,,,
['칸지돈부리', '경기도 부천시 중동 1109-2', '032-620-3811', '돈부리 / 일본 카레 / 벤토', '만원 미만', '주차공간없음', '11:00 - 22:00'],,,,,
['비플로우', '경기도 부천시 중동 1123-4', '070-8814-7637', '카페 / 디저트', '만원 미만', '무료주차 가능', '월-금: 09:00 - 22:30\n토-일: 10:00 - 22:30'],,,,,
['트랜퀼 마치', '인천시 부평구 갈산동 379', '070-7395-5616', '카페 / 디저트', '만원 미만', '주차공간없음', '수'],,,,,
['별미칡냉면', '인천시 부평구 갈산동 377-8', '032-505-2204', '국수 / 면 요리', '만원 미만', '무료주차 가능', '10:00 - 22:00'],,,,,
['5월19일', '인천시 부평구 갈산동 392-4', '010-7194-0519', '카페 / 디저트', '만원 미만', '주차공간없음', '12:00 - 21:00'],,,,,
['노멀커피', '인천시 부평구 갈산동 382-7', '032-212-6162', '카페 / 디저트', '만원 미만', '무료주차 가능', '10:00 - 21:00'],,,,,
['더소야소 (부평구청점)', '인천시 부평구 갈산동 381-1', '032-361-8752', '고기 요리', '3만원-4만원', '무료주차 가능', '11:00 - 22:30'],,,,,
['장어한판', '인천시 부평구 갈산동 378-17', '032-503-0588', '해산물 요리', '2만원-3만원', '무료주차 가능', '12:00 - 22:00'],,,,,
['꽁떼', '인천시 부평구 갈산동 382-1', '032-221-3310', '카페 / 디저트', '만원 미만', '무료주차 가능', '12:00 - 22:00'],,,,,
['경복궁 (삼산점)', '인천시 부평구 삼산동 464-5', '032-524-3300', '고기 요리', '3만원-4만원', '발렛', '11:30 - 22:00'],,,,,
['훈커피', '인천시 부평구 삼산동 459-2', '010-4406-1663', '카페 / 디저트', '만원 미만', '무료주차 가능', '월-토: 09:00 - 22:00\n일: 10:00 - 19:00'],,,,,
['메테오커피로스터스', '인천시 부평구 갈산동 392-13', '032-247-0701', '카페 / 디저트', '만원 미만', '주차공간없음', '12:00 - 20:00'],,,,,
['몽중헌 (방이점)', '서울시 송파구 방이동 44-5', '02-2202-8004', '정통 중식 / 일반 중식', '만원-2만원', '발렛', '월-금: 11:30 - 22:00\n토-일: 11:30 - 21:30'],,,,,
['별미곱창', '서울시 송파구 방이동 63-14', '02-413-3610', '고기 요리', '만원-2만원', '무료주차 가능', '월-금: 15:00 - 06:00\n토-일: 14:00 - 06:00'],,,,,
['서두산딤섬만두 (본점)', '서울시 송파구 방이동 104', '02-425-4588', '딤섬 / 만두', '만원 미만', '무료주차 가능 건물 뒷편 주차장', '11:30 - 24:00'],,,,,
['제주오겹살왕돌구이집 (본점)', '서울시 송파구 방이동 69-10', '02-423-0333', '고기 요리', '만원-2만원', '무료주차 가능', '12:00 - 24:00'],,,,,
['샛집남원추어탕', '서울시 송파구 방이동 24-1', '02-421-8163', '해산물 요리', '만원 미만', '10:30 - 21:30', 'None'],,,,,
['가일', '서울시 송파구 방이동 49-15', '02-412-2024', '이자카야 / 오뎅 / 꼬치', '2만원-3만원', '무료주차 가능', '17:00 - 01:30'],,,,,
['커피바이셉템버', '서울시 송파구 방이동 105-13', '02-6415-6878', '카페 / 디저트', '만원 미만', '주차공간없음', '12:00 - 22:00'],,,,,
['소담정', '서울시 송파구 방이동 63-4', '02-420-0099', '고기 요리', '만원-2만원', '주차공간없음', '11:00 - 24:00'],,,,,
['한아람정육식당', '서울시 송파구 방이동 180-7', '02-415-7277', '고기 요리', '2만원-3만원', '발렛', '11:00 - 23:30'],,,,,
['할머니포장마차멸치국수', '서울시 송파구 방이동 49-5', '02-416-6698', '국수 / 면 요리', '만원 미만', '주차공간없음', '18:00 - 05:30'],,,,,
['보리밥', '경기도 성남시 중원구 은행동 423-21', '031-731-0311', '한정식 / 백반 / 정통 한식', '만원 미만', '주차공간없음', '08:00 - 21:00'],,,,,
['강릉송정해변막국수', '경기도 성남시 중원구 은행동 423-21', '031-731-9474', '국수 / 면 요리', '만원 미만', '유료주차 가능', '11:00 - 21:00'],,,,,
['달콤슈가', '경기도 성남시 중원구 금광동 4816', '070-7573-1191', '베이커리', 'None', 'None', 'None'],,,,,
['본죽 (성남중앙병원점)', '경기도 성남시 중원구 금광동 4845', '031-735-6288', '기타 한식', 'None', 'None', 'None'],,,,,
['화로구이', '경기도 성남시 수정구 단대동 69-2', '031-748-8592', '고기 요리', '만원-2만원', '11:00 - 23:30', 'None'],,,,,
['장충동왕족발', '경기도 성남시 수정구 단대동 111-1', '031-747-0751', '고기 요리', '만원-2만원', '주차공간없음', '월-토: 11:00 - 02:00\n일: 11:00 - 01:00'],,,,,
['펀비어킹 (남한산성점)', '경기도 성남시 중원구 금광동 4689', '031-731-1161', '치킨 / 호프 / 펍', 'None', 'None', 'None'],,,,,
['None', 'None', 'None', 'None', 'None', 'None', 'None'],,,,,
['None', 'None', 'None', 'None', 'None', 'None', 'None'],,,,,
['할머니포장마차멸치국수', '서울시 송파구 방이동 49-5', '02-416-6698', '국수 / 면 요리', '만원 미만', '주차공간없음', '18:00 - 05:30'],,,,,
['다시올치킨', '서울시 성동구 사근동 176-5', '02-2293-8979', '닭 / 오리 요리', '만원-2만원', '주차공간없음', '12:00 - 01:00'],,,,,
['한양촌', '서울시 성동구 사근동 177-2', '02-2295-6156', '탕 / 찌개 / 전골', '만원 미만', '무료주차 가능', '09:00 - 20:30'],,,,,
['타이인플레이트', '서울시 성동구 사근동 178', '02-2298-0984', '태국 음식', '만원 미만', '주차공간없음', '11:00 - 22:00'],,,,,
['다이꼬지 (한양대점)', '서울시 성동구 사근동 204-3', '02-6053-0802', '이자카야 / 오뎅 / 꼬치', '만원-2만원', '주차공간없음', '11:00 - 01:00'],,,,,
['미네스키친', '서울시 성동구 사근동 178', '돈부리 / 일본 카레 / 벤토', '만원 미만', '주차공간없음', '11:00 - 22:00', '일'],,,,,
['카페우유니', '서울시 성동구 사근동 204-3', '070-4256-8376', '카페 / 디저트', '만원 미만', '주차공간없음', '10:00 - 23:00'],,,,,
['종점토스트', '서울시 성동구 사근동 204-3', '기타 한식', '만원 미만', '월-금: 08:00 - 20:00\n토: 08:00 - 16:00', '일', ''],,,,,
['타쿠', '서울시 성동구 용답동 83-3', '02-2243-1209', '이자카야 / 오뎅 / 꼬치', '만원-2만원', '주차공간없음', '17:30 - 02:00'],,,,,
['소문난보배곱창', '서울시 성동구 용답동 41-3', '02-2244-6822', '고기 요리', '만원-2만원', '무료주차 가능', '15:00 - 01:00'],,,,,
['더스토리지', '서울시 성동구 사근동 176-11', '02-6101-1102', '카페 / 디저트', '만원 미만', 'None', 'None'],,,,,
['폴앤폴리나 (광화문점)', '서울시 종로구 내수동 74', '02-739-5520', '베이커리', '만원 미만', '유료주차 가능', '12:00 - 19:00'],,,,,
['오가와', '서울시 종로구 당주동 5', '02-735-1001', '회 / 스시', '4만원 이상', '유료주차 가능', '12:00 - 22:30'],,,,,
['파네트크루아상팩토리', '서울시 종로구 내수동 71', '카페 / 디저트', '만원 미만', 'None', 'None', 'None'],,,,,
['광화문오향족발', '서울시 종로구 당주동 5', '02-725-6887', '고기 요리', '만원-2만원', '유료주차 가능', '11:30 - 21:30'],,,,,
['서촌김씨', '서울시 종로구 창성동 158-2', '02-730-7787', '이탈리안', '4만원 이상', '주차공간없음', '12:00 - 24:00'],,,,,
['에버델리', '서울시 종로구 통인동 102', '02-720-0850', '브런치 / 버거 / 샌드위치', '만원 미만', '유료주차 가능', '11:00 - 20:30'],,,,,
['서촌계단집', '서울시 종로구 내자동 11-1', '02-737-8412', '해산물 요리', '만원-2만원', '주차공간없음', '월-금: 15:00 - 12:50\n토-일: 14:00 - 12:50'],,,,,
['빚짜', '서울시 종로구 내자동 19', '02-722-1832', '치킨 / 호프 / 펍', '만원 미만', '주차공간없음', '월-금: 11:30 - 24:00\n토: 13:00 - 24:00\n일: 13:00 - 23:00'],,,,,
['누하동 주스바', '서울시 종로구 누하동 45-2', '070-8118-0270', '카페 / 디저트', '만원 미만', '주차공간없음', '월-금: 08:30 - 20:00\n토: 10:00 - 22:00'],,,,,
['영화루(공사중)', '서울시 종로구 누하동 25-1', '02-738-1218', '정통 중식 / 일반 중식', '만원 미만', '주차공간없음', '11:00 - 20:30'],,,,,
['깡통만두', '서울시 종로구 재동 84-22', '02-794-4243', '한정식 / 백반 / 정통 한식', '만원 미만', '주차공간없음', '11:30 - 21:30'],,,,,
['브라세리인스페이스', '서울시 종로구 원서동 219', '02-747-8103', '이탈리안', '3만원-4만원', '무료주차 가능', '11:30 - 22:00'],,,,,
['비엣꽌', '서울시 종로구 계동 102-1', '02-744-1868', '베트남 음식', '만원-2만원', '주차공간없음', '10:00 - 21:00'],,,,,
['자작나무이야기', '서울시 종로구 소격동 157-4', '02-730-7932', '카페 / 디저트', '만원 미만', '주차공간없음', '12:00 - 22:00'],,,,,
['프릳츠커피컴퍼니 (2호점)', '서울시 종로구 원서동 219', '02-747-8101', '카페 / 디저트', '만원 미만', '유료주차 가능', '11:00 - 19:00'],,,,,
['안국 153', '서울시 종로구 안국동 153', '02-733-1530', '베이커리', '만원 미만', '주차공간없음', '08:00 - 20:00'],,,,,
['정선할매곤드레밥', '서울시 종로구 관훈동 29-13', '02-735-2356', '한정식 / 백반 / 정통 한식', '만원-2만원', '주차공간없음', '11:00 - 21:00'],,,,,
['스토9', '서울시 종로구 관훈동 118-13', '02-725-9285', '이자카야 / 오뎅 / 꼬치', '만원-2만원', '유료주차 가능', '17:00 - 01:00'],,,,,
['한가네불고기', '서울시 종로구 관훈동 144', '02-734-4388', '고기 요리', '만원-2만원', '주차공간없음', '월-금: 11:30 - 21:30\n토: 11:30 - 20:50'],,,,,
['레이어드', '서울시 종로구 재동 84-14', '베이커리', '만원 미만', '바질스콘\n4,200원\n블루베리스콘\n4,000원\n아메리카노\n4,500원', 'None', 'None'],,
['거목정육식당', '서울시 서초구 잠원동 60-6', '02-593-8836', '고기 요리', '2만원-3만원', '주차공간없음', '10:00 - 22:00'],,,,,
['킹콩커피', '서울시 서초구 잠원동 57', '02-532-5168', '카페 / 디저트', '만원 미만', '주차공간없음', '월-금: 07:00 - 21:00\n토-일: 08:00 - 20:00'],,,,,
['제이에스가든 (잠원점)', '서울시 서초구 잠원동 66-2', '02-595-1221', '정통 중식 / 일반 중식', '4만원 이상', '무료주차 가능', '11:30 - 22:00'],,,,,
['사또치킨', '서울시 서초구 잠원동 57', '02-533-0998', '치킨 / 호프 / 펍', '만원-2만원', 'None', 'None'],,,,,
['잠원떡볶이', '서울시 서초구 잠원동 61-6', '02-591-4108', '기타 한식', '만원 미만', '주차공간없음', '11:00 - 22:00'],,,,,
['세븐스프링스 (잠원점)', '서울시 서초구 잠원동 65-32', '02-532-7079', '뷔페', '2만원-3만원', '유료주차 가능', '11:30 - 21:30'],,,,,
['취향', '서울시 서초구 잠원동 60-6', '02-3481-2328', '정통 중식 / 일반 중식', '만원 미만', '무료주차 가능', '11:00 - 21:20'],,,,,
['아티제 (잠원 파스텔점)', '서울시 서초구 잠원동 66-2', '02-592-0018', '브런치 / 버거 / 샌드위치', '만원-2만원', '무료주차 가능', '07:30 - 22:00'],,,,,
['매드포갈릭 (잠원점)', '서울시 서초구 잠원동 66-2', '02-3478-0840', '패밀리 레스토랑', '3만원-4만원', '유료주차 가능', '11:30 - 22:00'],,,,,
['아리수포차', '서울시 서초구 잠원동 60-6', '02-533-6178', '전통 주점 / 포차', '만원 미만', '무료주차 가능', '17:00 - 05:00'],,,,,
['진지방순대국 (대치점)', '서울시 강남구 대치동 994-16', '02-552-0059', '탕 / 찌개 / 전골', '만원 미만', '월-토: 00:00 - 24:00\n일: 10:00 - 22:00', 'None'],,,,,
['다낭월남쌈', '서울시 강남구 대치동 994-8', '02-564-7879', '베트남 음식', '만원-2만원', '무료주차 가능', '11:30 - 22:00'],,,,,
['메밀랑', '서울시 강남구 대치동 994-12', '02-563-8777', '국수 / 면 요리', '만원 미만', '11:00 - 22:00', '15:00 - 17:00'],,,,,
['남경반점', '서울시 강남구 대치동 994-8', '02-566-6868', '정통 중식 / 일반 중식', '만원 미만', '무료주차 가능', '11:00 - 21:00'],,,,,
['미소야 (대치점)', '서울시 강남구 대치동 994-16', '02-562-6292', '라멘 / 소바 / 우동', '만원 미만', 'None', 'None'],,,,,
['스타벅스 (학여울점)', '서울시 강남구 대치동 994-10', '02-758-8151', '카페 / 디저트', '만원 미만', '월-금: 07:00 - 23:00\n토-일: 08:00 - 23:00', '식당 홈페이지로 가기'],,,,,
['을지로골뱅이', '서울시 강남구 대치동 994-12', '02-557-7714', '일반 주점', 'None', 'None', 'None'],,,,,
['안준수곤드레밥', '서울시 강남구 대치동 994', '02-566-4241', '한정식 / 백반 / 정통 한식', 'None', 'None', 'None'],,,,,
['목우촌 (대치점)', '서울시 강남구 대치동 992-1', '02-563-5454', '고기 요리', 'None', 'None', 'None'],,,,,
['None', 'None', 'None', 'None', 'None', 'None', 'None'],,,,,
['오근내 닭갈비', '서울시 용산구 한강로3가 40-90', '02-797-0131', '닭 / 오리 요리', '만원-2만원', '주차공간없음', '11:20 - 22:30'],,,,,
['시애틀에스프레소', '서울시 용산구 한강로3가 40-602', '070-5033-5259', '카페 / 디저트', '만원 미만', '무료주차 가능', '월-금: 09:00 - 21:00\n토-일: 09:00 - 19:00'],,,,,
['카페마마스 (용산아이파크몰점)', '서울시 용산구 한강로3가 40-999', '02-2012-0701', '브런치 / 버거 / 샌드위치', '만원 미만', '유료주차 가능', '10:30 - 22:00'],,,,,
['빌리엔젤 (용산아이파크몰점)', '서울시 용산구 한강로3가 40-999', '02-2012-0662', '카페 / 디저트', '만원 미만', '무료주차 가능', '월-수: 10:00 - 22:00\n목-일: 10:00 - 22:30'],,,,,
['메밀공방', '서울시 용산구 한강로3가 40-999', '02-2012-0735', '국수 / 면 요리', '만원 미만', '유료주차 가능', '11:30 - 21:00'],,,,,
['미스터돈부리 (용산점)', '서울시 용산구 한강로3가 40-999', '070-4137-9035', '돈부리 / 일본 카레 / 벤토', '만원 미만', '유료주차 가능', '11:00 - 21:30'],,,,,
['매드포갈릭 (용산아이파크몰점)', '서울시 용산구 한강로3가 40-999', '02-2012-0526', '이탈리안', '만원 미만', '유료주차 가능', '11:00 - 22:00'],,,,,
['계절밥상 (아이파크몰 에어쉽)', '서울시 용산구 한강로3가 40-999', '02-2012-0700', '뷔페', '2만원-3만원', '유료주차 가능', '10:30 - 21:30'],,,,,
['오근내2닭구이', '서울시 용산구 한강로3가 40-9', '02-798-0131', '닭 / 오리 요리', '만원-2만원', '무료주차 가능', '11:30 - 22:30'],,,,,
['칸지고고 (아이파크몰 동관)', '서울시 용산구 한강로3가 40-999', '02-2012-0450', '정통 중식 / 일반 중식', '만원-2만원', '유료주차 가능', '10:30 - 22:00'],,,,,
['동흥관', '서울시 금천구 시흥동 115-10', '02-803-3759', '정통 중식 / 일반 중식', '만원 미만', '무료주차 가능', '11:00 - 21:30'],,,,,
['떡볶이랑걸레만두랑', '서울시 금천구 시흥동 885-9', '02-804-8519', '기타 한식', '만원 미만', '유료주차 가능', '11:00 - 22:00'],,,,,
['강강술래 (시흥점)', '서울시 금천구 시흥동 991-6', '02-808-1888', '고기 요리', '2만원-3만원', '무료주차 가능', '11:30 - 24:00'],,,,,
['하남돼지집 (시흥사거리점)', '서울시 금천구 시흥동 891-2', '02-802-5300', '고기 요리', '만원-2만원', '주차공간없음', '17:00 - 24:00'],,,,,
['호남손팥칼국수', '서울시 금천구 시흥동 882-43', '02-807-3355', '국수 / 면 요리', '만원 미만', '주차공간없음', '10:00 - 22:00'],,,,,
['더비스킷카페', '서울시 금천구 독산동 441-20', '02-805-0352', '카페 / 디저트', '만원 미만', '무료주차 가능', '월-금: 08:30 - 22:50\n토-일: 10:00 - 22:50'],,,,,
['왕게수산', '서울시 금천구 시흥동 903-5', '02-3141-8435', '해산물 요리', 'None', 'None', 'None'],,,,,
['은행골', '서울시 금천구 시흥동 890-10', '02-809-4988', '정통 일식 / 일반 일식', '3만원-4만원', 'None', 'None'],,,,,
['채선당 (금천구청점)', '서울시 금천구 시흥동 113-21', '02-856-5008', '탕 / 찌개 / 전골', '만원-2만원', '무료주차 가능', '11:00 - 22:00'],,,,,
['동네스시집 (시흥동본점)', '서울시 금천구 시흥동 882-49', '02-892-8280', '회 / 스시', '만원 미만', '주차공간없음', '11:00 - 22:00'],,,,,
['광명만두', '충청남도 천안시 서북구 두정동 1525', '041-552-2289', '한정식 / 백반 / 정통 한식', '만원 미만', '주차공간없음', '10:30 - 21:00'],,,,,
['미스터초밥', '충청남도 천안시 서북구 두정동 1506-1', '041-564-5353', '회 / 스시', '만원 미만', '주차공간없음', '11:30 - 23:30'],,,,,
['오블리비아테', '충청남도 천안시 서북구 두정동 76', '070-4110-6531', '카페 / 디저트', '만원 미만', '무료주차 가능', '11:00 - 23:00'],,,,,
['샤브애 (천안점)', '충청남도 천안시 서북구 두정동 1464', '041-523-8700', '뷔페', '만원-2만원', '무료주차 가능', '11:30 - 21:30'],,,,,
['카페1428', '충청남도 천안시 서북구 두정동 1428', '010-8839-9184', '브런치 / 버거 / 샌드위치', '만원-2만원', '무료주차 가능', '11:00 - 16:00'],,,,,
['식빵공방 (두정역점)', '충청남도 천안시 서북구 두정동 76', '010-3725-5055', '베이커리', '만원 미만', '주차공간없음', '09:00 - 23:30'],,,,,
['한끼맛있다', '충청남도 천안시 서북구 두정동 1467', '041-562-7005', '퓨전 양식', '만원 미만', '무료주차 가능', '11:00 - 22:30'],,,,,
['마로랑', '충청남도 천안시 서북구 두정동 1620', '010-8836-6335', '카페 / 디저트', '만원 미만', '무료주차 가능', '11:30 - 20:00'],,,,,
['왓삼', '충청남도 천안시 서북구 두정동 1508', '041-522-9259', '고기 요리', '만원-2만원', '주차공간없음', '14:00 - 01:00'],,,,,
['떳다횟집', '충청남도 천안시 서북구 두정동 25-77', '041-567-2919', '해산물 요리', '2만원-3만원', '무료주차 가능', '12:00 - 23:30'],,,,,
['인생식당', '인천시 부평구 십정동 426-12', '070-4042-3164', '닭 / 오리 요리', '만원-2만원', '무료주차 가능', '11:00 - 03:00'],,,,,
['초밥 몬스터', '인천시 부평구 십정동 517-9', '032-422-5460', '회 / 스시', '만원-2만원', '주차공간없음', '11:30 - 22:30'],,,,,
['할매닭한마리', '인천시 부평구 십정동 406-4', '032-426-8615', '닭 / 오리 요리', '만원 미만', '주차공간없음', '12:00 - 24:00'],,,,,
['육심 (동암점)', '인천시 부평구 십정동 405', '032-215-7911', '뷔페', '만원-2만원', '무료주차 가능', '16:00 - 24:00'],,,,,
['속초코다리냉면 (인천동암점)', '인천시 부평구 십정동 414-9', '032-431-0970', '해산물 요리', '만원 미만', '무료주차 가능', '10:30 - 21:30'],,,,,
['할리스커피 (인천동암역점)', '인천시 부평구 십정동 407-15', '070-4700-0305', '카페 / 디저트', '만원 미만', '주차공간없음', '08:00 - 01:00'],,,,,
['신토불이', '인천시 부평구 십정동 520-15', '032-427-1304', '닭 / 오리 요리', '2만원-3만원', '주차공간없음', '10:00 - 23:00'],,,,,
['사리원', '인천시 부평구 십정동 408-16', '032-439-5253', '정통 중식 / 일반 중식', '만원 미만', '무료주차 가능', '11:00 - 21:30'],,,,,
['아랜역물닭갈비', '인천시 부평구 십정동 422', '032-437-7942', '닭 / 오리 요리', '만원-2만원', '주차공간없음', '12:00 - 24:00'],,,,,
['착한보쌈족발 (동암직영점)', '인천시 부평구 십정동 405-1', '032-424-1142', '고기 요리', '2만원-3만원', '무료주차 가능', '14:00 - 02:00'],,,,,
['수피자 (동두천점)', '경기도 동두천시 동두천동 276-7', '031-858-9666', '기타 양식', '만원-2만원', '주차공간없음', '월-금: 11:00 - 23:00\n토-일: 10:00 - 23:00'],,,,,
['유정식당', '경기도 동두천시 동두천동 265-1', '031-863-4491', '탕 / 찌개 / 전골', '만원 미만', '무료주차 가능', '10:00 - 21:00'],,,,,
['이공숯불구이', '경기도 동두천시 동두천동 220-3', '031-858-9603', '고기 요리', '만원-2만원', '무료주차 가능', '10:00 - 22:00'],,,,,
['쏘리소', '경기도 동두천시 동두천동 229-4', '070-8819-4721', '카페 / 디저트', '만원 미만', '주차공간없음', '07:30 - 21:00'],,,,,
['None', 'None', 'None', 'None', 'None', 'None', 'None'],,,,,
['None', 'None', 'None', 'None', 'None', 'None', 'None'],,,,,
['신토불이', '인천시 부평구 십정동 520-15', '032-427-1304', '닭 / 오리 요리', '2만원-3만원', '주차공간없음', '10:00 - 23:00'],,,,,
['사리원', '인천시 부평구 십정동 408-16', '032-439-5253', '정통 중식 / 일반 중식', '만원 미만', '무료주차 가능', '11:00 - 21:30'],,,,,
['아랜역물닭갈비', '인천시 부평구 십정동 422', '032-437-7942', '닭 / 오리 요리', '만원-2만원', '주차공간없음', '12:00 - 24:00'],,,,,
['착한보쌈족발 (동암직영점)', '인천시 부평구 십정동 405-1', '032-424-1142', '고기 요리', '2만원-3만원', '무료주차 가능', '14:00 - 02:00'],,,,,
['크림디저트샵', '경기도 고양시 덕양구 화정동 973', '010-5414-5574', '카페 / 디저트', '만원 미만', '유료주차 가능 2시간 무료', '12:00 - 20:00'],,,,,
['화정족발 (본점)', '경기도 고양시 덕양구 화정동 983-1', '031-938-2270', '고기 요리', '만원-2만원', '유료주차 가능', '월-토: 13:00 - 00:30\n일: 13:00 - 22:50'],,,,,
['민쿡다시마', '경기도 고양시 덕양구 화정동 979', '031-978-3236', '회 / 스시', '만원-2만원', '주차공간없음', '11:30 - 22:00'],,,,,
['스시메이진', '경기도 고양시 덕양구 화정동 970', '031-968-7338', '회 / 스시', '만원 미만', '무료주차 가능', '11:30 - 22:00'],,,,,
['라라코스트 (화정점)', '경기도 고양시 덕양구 화정동 984-1', '031-938-3220', '이탈리안', '만원-2만원', '유료주차 가능', '11:00 - 22:00'],,,,,
['쿠우쿠우 (화정점)', '경기도 고양시 덕양구 화정동 969-1', '031-968-6274', '뷔페', '만원-2만원', '11:00 - 22:00', '식당 홈페이지로 가기'],,,,,
['육쌈냉면 (화정점)', '경기도 고양시 덕양구 화정동 979', '031-973-6392', '국수 / 면 요리', '만원 미만', '유료주차 가능', '11:00 - 20:50'],,,,,
['원조쌈밥집 (화정역점)', '경기도 고양시 덕양구 화정동 984-9', '031-938-2750', '한정식 / 백반 / 정통 한식', '만원 미만', '무료주차 가능', '11:00 - 23:00'],,,,,
['부추곱창 (일산점)', '경기도 고양시 덕양구 화정동 979-1', '031-972-2909', '고기 요리', '3만원-4만원', '주차공간없음', '16:00 - 01:00'],,,,,
['민쿡의080부대찌개', '경기도 고양시 덕양구 화정동 975-2', '031-938-3080', '탕 / 찌개 / 전골', '만원 미만', '주차공간없음', '11:30 - 22:00'],,,,,
['맘마쿡', '서울시 영등포구 영등포동6가 76', '02-3667-0003', '기타 양식', '만원-2만원', '주차공간없음', '11:00 - 23:00'],,,,,
['정석참치', '서울시 영등포구 영등포동6가 66-2', '02-2677-1164', '해산물 요리', '2만원-3만원', '무료주차 가능', '12:00 - 24:00'],,,,,
['초밥오타루', '서울시 영등포구 영등포동4가 148-1', '02-2677-5460', '회 / 스시', '만원-2만원', '유료주차 가능', '11:30 - 21:30'],,,,,
['신선설농탕 (영등포점)', '서울시 영등포구 영등포동3가 6', '02-2679-5633', '탕 / 찌개 / 전골', '만원 미만', '유료주차 가능 30분 무료', '00:00 - 24:00'],,,,,
['동방미식성', '서울시 영등포구 영등포동6가 10', '02-2675-5845', '기타 중식', '만원-2만원', '무료주차 가능', '11:00 - 24:00'],,,,,
['미스앤미스터포테이토 (영등포뉴타운점)', '서울시 영등포구 영등포동3가 31', '02-2672-5933', '퓨전 양식', '만원 미만', '10:00 - 22:30', '식당 홈페이지로 가기'],,,,,
['디톡시', '서울시 영등포구 영등포동4가 147-3', '02-2637-0181', '카페 / 디저트', '만원 미만', '주차공간없음', '월-금: 07:00 - 22:00\n토: 08:00 - 18:00\n일: 11:00 - 17:00'],,,,,
['하니앤손스', '서울시 영등포구 영등포동7가 70-18', '070-8864-8880', '카페 / 디저트', '만원 미만', '주차공간없음', '11:00 - 19:00'],,,,,
['도화원', '서울시 영등포구 영등포동4가 151-19', '02-2635-0086', '기타 중식', '만원 미만', '주차공간없음', '11:00 - 23:00'],,,,,
['해피데이', '서울시 영등포구 영등포동6가 78-2', '010-9410-0891', '베이커리', '만원 미만', '주차공간없음', '06:00 - 24:00'],,,,,
['요인요아웃', '서울시 강동구 상일동 269-5', '02-426-2727', '이탈리안', '만원-2만원', '무료주차 가능', '11:00 - 22:00'],,,,,
['아티제 (상일 GEC점)', '서울시 강동구 상일동 500', '02-481-0017', '카페 / 디저트', '만원 미만', '주차공간없음', '07:00 - 21:00'],,,,,
['테리스버거앤베니에', '서울시 강동구 상일동 300-7', '070-7450-1133', '브런치 / 버거 / 샌드위치', '만원 미만', '주차공간없음', '10:30 - 20:00'],,,,,
['하남 한돈', '경기도 하남시 초이동 74-2', '02-428-9292', '고기 요리', '만원-2만원', '무료주차 가능', '11:00 - 23:00'],,,,,
['상일정육식당', '서울시 강동구 상일동 309-1', '02-481-1199', '고기 요리', '만원-2만원', '무료주차 가능', '10:00 - 22:00'],,,,,
['더두툼생고기', '서울시 강동구 상일동 223', '02-429-3774', '고기 요리', '만원-2만원', '17:00 - 23:00', 'None'],,,,,
['어창수산', '서울시 강동구 상일동 221', '02-426-0680', '해산물 요리', '무료주차 가능', '12:00 - 24:00', '연중무휴'],,,,,
['오군테이', '서울시 강동구 상일동 285-5', '02-486-4679', '퓨전 일식', '만원-2만원', '주차공간없음', '11:00 - 24:00'],,,,,
['송화의카페', '서울시 강동구 상일동 285-4', '02-426-4919', '카페 / 디저트', '만원 미만', '무료주차 가능', '월-금: 11:00 - 21:00\n토: 12:00 - 19:00'],,,,,
['양선생', '서울시 강동구 상일동 285-3', '02-442-8190', '스테이크 / 바베큐', '2만원-3만원', '무료주차 가능', '17:30 - 24:00'],,,,,
['트라토리아 몰토', '서울시 마포구 상암동 34-36', '02-303-1022', '이탈리안', '4만원 이상', '무료주차 가능', '12:00 - 22:00'],,,,,
['오늘의 위로', '서울시 마포구 망원동 467-18', '02-322-5203', '카페 / 디저트', '만원 미만', '13:00 - 20:00', '일, 월, 마지막 화'],,,
['족발귀신 (본점)', '서울시 마포구 성산동 263-4', '02-324-2634', '고기 요리', '만원-2만원', '주차공간없음', '17:00 - 24:00'],,,,,
['델리하노이', '서울시 마포구 망원동 472-15', '02-332-9292', '베트남 음식', '만원 미만', '주차공간없음', '11:30 - 22:00'],,,,,
['골든핸즈라운지', '서울시 마포구 망원동 439-44', '070-7793-5357', '카페 / 디저트', '만원 미만', '주차공간없음', '09:00 - 21:00'],,,,,
['성산왕갈비', '서울시 마포구 성산동 446', '02-306-2001', '고기 요리', '만원-2만원', '무료주차 가능', '12:00 - 22:00'],,,,,
['만나식당', '서울시 마포구 성산동 260-14', '02-323-0726', '탕 / 찌개 / 전골', '', 'None', 'None'],,,,,
['스시키노이', '서울시 마포구 상암동 12-74', '02-3151-0887', '회 / 스시', '2만원-3만원', '주차공간없음', '11:30 - 22:00'],,,,,
['김영섭초밥', '서울시 마포구 상암동 42-20', '02-3152-0900', '회 / 스시', '만원-2만원', '유료주차 가능', '11:30 - 22:00'],,,,,
['태백국물닭갈비 (마포본점)', '서울시 마포구 망원동 436-12', '02-322-3177', '닭 / 오리 요리', '만원-2만원', '주차공간없음', '11:30 - 23:00'],,,,,
['샐러드프린세스', '서울시 성북구 하월곡동 21-56', '02-916-0027', '기타 양식', '만원 미만', '주차공간없음', '09:00 - 21:00'],,,,,
['공복', '서울시 성북구 상월곡동 62', '02-914-6692', '고기 요리', '만원-2만원', '주차공간없음', '16:00 - 01:00'],,,,,
['카페어바웃', '서울시 성북구 하월곡동 21-1', '02-916-8001', '카페 / 디저트', '만원 미만', '주차공간없음', '월-금: 10:00 - 23:00\n토-일: 13:00 - 22:00'],,,,,
['Mssg', '서울시 성북구 상월곡동 73-1', '02-6368-2986', '스테이크 / 바베큐', '만원 미만', '주차공간없음', '11:00 - 01:00'],,,,,
['카페잇', '서울시 성북구 상월곡동 64-1', '02-941-1101', '카페 / 디저트', '만원 미만', '월-금: 11:00 - 22:00\n토-일: 12:00 - 22:00', 'None'],,,,,
['치킨클럽 (동덕여대점)', '서울시 성북구 상월곡동 64-1', '02-942-7787', '치킨 / 호프 / 펍', '만원 미만', '주차공간없음', '12:00 - 24:00'],,,,,
['오징어한마리매운떡볶이 (동덕여대점)', '서울시 성북구 하월곡동 21-78', '02-943-5455', '기타 한식', '만원-2만원', '주차공간없음', '11:00 - 24:00'],,,,,
['누들아한타이', '서울시 성북구 하월곡동 17-10', '02-942-7178', '베트남 음식', '만원 미만', '유료주차 가능', '10:30 - 21:00'],,,,,
['착한짬뽕 더 착한탕수육', '서울시 성북구 하월곡동 35-4', '02-6015-3559', '정통 중식 / 일반 중식', '만원 미만', '무료주차 가능', '11:00 - 21:00'],,,,,
['화덕과베토벤', '서울시 성북구 상월곡동 57-25', '02-909-8282', '이탈리안', '만원-2만원', '11:00 - 22:00', 'None'],,,,,
['사이공리', '서울시 동작구 노량진동 312-43', '010-5919-1763', '베트남 음식', '만원 미만', '주차공간없음', '10:00 - 21:00'],,,,,
['브레드덕', '서울시 동작구 상도동 529', '070-8827-0008', '베이커리', '만원 미만', '주차공간없음', '10:00 - 20:00'],,,,,
['요술얼음', '서울시 동작구 상도동 370-12', '02-817-1255', '카페 / 디저트', '만원 미만', '주차공간없음', '월-토: 11:00 - 22:00\n일: 11:00 - 21:00'],,,,,
['늘보리', '서울시 동작구 상도동 367-6', '02-3280-6550', '해산물 요리', '만원-2만원', '무료주차 가능', '11:30 - 22:00'],,,,,
['운봉산장양고기전문점', '서울시 동작구 노량진동 309-18', '02-815-2850', '스테이크 / 바베큐', '2만원-3만원', '주차공간없음', '10:00 - 22:00'],,,,,
['신짱스시', '서울시 동작구 상도동 179-21', '02-3280-8301', '회 / 스시', '만원-2만원', '주차공간없음', '11:30 - 23:00'],,,,,
['김광일 간장새우', '서울시 동작구 상도동 179-15', '02-826-8889', '해산물 요리', '2만원-3만원', '주차공간없음', '월-금: 11:00 - 02:00\n토-일: 15:00 - 02:00'],,,,,
['아마르', '서울시 동작구 상도동 370-2', '02-816-2652', '기타 한식', '만원-2만원', '주차공간없음', '15:00 - 01:00'],,,,,
['브레드제이', '서울시 동작구 상도동 372-1', '02-811-7735', '베이커리', '만원 미만', '주차공간없음', '08:00 - 22:00'],,,,,
['풍년집정육식당', '서울시 동작구 상도동 363-142', '02-821-1014', '고기 요리', '만원-2만원', '주차공간없음', '11:00 - 24:00'],,,,,
['동신면가', '서울시 강동구 암사동 504-25', '02-481-8892', '한정식 / 백반 / 정통 한식', '만원-2만원', '무료주차 가능', '10:00 - 23:00'],,,,,
['장독흑돼지', '서울시 강동구 암사동 511-20', '02-3426-5120', '고기 요리', '만원-2만원', '무료주차 가능', '11:00 - 22:00'],,,,,
['정가네 양꼬치', '서울특별시 강동구 천호동 287-2', 'None', 'None', 'None', 'None', 'None'],,,,,
['유황생오리숯불구이', '서울시 강동구 암사동 501-13', '02-426-5614', '닭 / 오리 요리', 'None', 'None', 'None'],,,,,
['해안반점', '서울시 강동구 암사동 463-26', '02-442-2349', '정통 중식 / 일반 중식', 'None', 'None', 'None'],,,,,
['맛나슈퍼 (암사점)', '서울시 강동구 천호동 288-2', '02-471-6675', '전통 주점 / 포차', '만원 미만', '주차공간없음', '17:00 - 05:00'],,,,,
['알투라', '서울시 강동구 암사동 500-5', '02-441-0752', '카페 / 디저트', 'None', 'None', 'None'],,,,,
['오고참', '서울특별시 강동구 천호동 288-1', 'None', 'None', 'None', 'None', 'None'],,,,,
['우수식탁', '서울시 강동구 암사동 503', '010-7102-7308', '돈부리 / 일본 카레 / 벤토', '만원 미만', 'None', 'None'],,,,,
['초롱이고모부대찌개', '서울시 강동구 암사동 496-17', '02-442-3546', '탕 / 찌개 / 전골', '만원 미만', '주차공간없음', '10:30 - 22:30'],,,,,
['브레드숨', '서울시 동작구 본동 187-4', '070-8861-0007', '베이커리', '만원 미만', '주차공간없음', '월-금: 10:30 - 19:00\n토: 10:30 - 18:00'],,,,,
['그런커피', '서울시 동작구 본동 50-18', '010-9208-9109', '카페 / 디저트', '만원 미만', '주차공간없음', '12:00 - 21:00'],,,,,
['굿데이서울', '서울시 동작구 본동 49', '베이커리', '만원 미만', '식당 홈페이지로 가기', 'None', 'None'],,,,,
['카페노들수', '서울시 동작구 본동 360-9', '카페 / 디저트', '만원 미만', 'None', 'None', 'None'],,,,,
['그런밤', '서울시 동작구 본동 126-125', '010-9718-2318', '칵테일 / 와인', '만원 미만', '주차공간없음', '일-목: 18:00 - 24:00\n금-토: 18:00 - 02:00'],,,,,
['카페 비러브드', '서울시 동작구 본동 48-16', '카페 / 디저트', '만원 미만', 'None', 'None', 'None'],,,,,
['비앙 비앙', '서울시 동작구 본동 187-4', '02-826-6040', '카페 / 디저트', '만원 미만', '주차공간없음', '월-금: 11:00 - 22:00\n토-일: 12:00 - 22:00'],,,,,
['소문난명품잔치국수', '서울시 동작구 본동 126-125', '02-824-3005', '국수 / 면 요리', 'None', 'None', 'None'],,,,,
['정가네식당', '서울시 동작구 본동 417-1', '한정식 / 백반 / 정통 한식', '만원 미만', 'None', 'None', 'None'],,,,,
['한강손칼국수', '서울시 동작구 본동 46-1', '국수 / 면 요리', '만원 미만', 'None', 'None', 'None'],,,,,
['인우초밥', '서울시 동대문구 답십리동 19-65', '02-2247-1756', '회 / 스시', '만원-2만원', '주차공간없음', '12:00 - 23:00'],,,,,
['성천막국수', '서울시 동대문구 답십리동 33-28', '02-2244-5529', '국수 / 면 요리', '만원 미만', '주차공간없음', '11:30 - 21:00'],,,,,
['일광쪽갈비', '서울시 동대문구 답십리동 265-1', '02-489-5055', '고기 요리', '만원 미만', '주차공간없음', '15:00 - 24:00'],,,,,
['늘봄 해물찜 & 손칼국수 (답십리점)', '서울시 동대문구 답십리동 267-8', '02-2215-5051', '해산물 요리', '2만원-3만원', '유료주차 가능', '11:30 - 22:00'],,,,,
['갈비명가이상', '서울시 동대문구 답십리동 530-27', '02-2243-8200', '고기 요리', '3만원-4만원', '11:00 - 22:30', '21:30'],,,,,
['퍼102', '서울시 동대문구 답십리동 496-17', '02-3394-8823', '베트남 음식', '만원-2만원', '주차공간없음', '00:00 - 24:00'],,,,,
['칠오구의집 (답십리점)', '서울시 동대문구 답십리동 53-14', '02-2214-0759', '고기 요리', '만원-2만원', '주차공간없음', '12:00 - 24:00'],,,,,
['엄나무집', '서울시 동대문구 답십리동 241-18', '02-2244-8563', '닭 / 오리 요리', '2만원-3만원', '주차공간없음', '10:30 - 22:00'],,,,,
['커피그라운즈', '서울시 동대문구 답십리동 36-34', '02-478-8470', '카페 / 디저트', '만원 미만', '', 'None'],,,,,
['속초붉은대게', '서울시 성동구 용답동 2-3', '02-2213-8899', '해산물 요리', '2만원-3만원', '무료주차 가능', '11:00 - 24:00'],,,,,
['본누벨과자점', '서울시 광진구 광장동 331-3', '02-456-3145', '베이커리', '만원 미만', '무료주차 가능', '08:30 - 23:00'],,,,,
['커피점빵', '서울시 광진구 광장동 272-4', '010-2537-8493', '카페 / 디저트', '월-금: 10:00 - 22:00\n토: 13:00 - 22:00', '21:30', '일'],,,,,
['베이커리구스토', '서울시 광진구 광장동 582', '02-3436-8952', '베이커리', '만원 미만', '무료주차 가능', '06:30 - 21:30'],,,,,
['스시토푸', '서울시 광진구 광장동 326-13', '070-7624-9671', '회 / 스시', '만원-2만원', '주차공간없음', '11:30 - 22:00'],,,,,
['광나루순대', '서울시 광진구 광장동 337-4', '02-458-9878', '탕 / 찌개 / 전골', '만원 미만', '무료주차 가능', '월-금: 10:00 - 24:00\n토-일: 10:00 - 23:00'],,,,,
['신선설농탕 (광나루역점)', '서울시 광진구 광장동 240-1', '02-446-9944', '탕 / 찌개 / 전골', '만원 미만', '무료주차 가능', '00:00 - 24:00'],,,,,
['삼통치킨 (광나루역점)', '서울시 광진구 광장동 244-24', '02-457-9933', '닭 / 오리 요리', '만원 미만', '주차공간없음', '15:00 - 01:00'],,,,,
['나미', '서울시 광진구 광장동 326-6', '02-455-3244', '회 / 스시', '2만원-3만원', '무료주차 가능', '11:00 - 22:00'],,,,,
['대관령감자탕', '서울시 광진구 광장동 336-7', '02-444-6637', '탕 / 찌개 / 전골', '10:30 - 23:00', '일', 'None'],,,,,
['스시히로바미니', '서울시 광진구 광장동 250', '02-457-0203', '회 / 스시', '만원-2만원', '식당 홈페이지로 가기', 'None'],,,,,
['프언타이', '서울시 강동구 길동 333-2', '010-5448-9476', '태국 음식', '만원-2만원', '무료주차 가능', '11:30 - 01:00'],,,,,
['엘리펀트커피', '서울시 강동구 길동 335-2', '02-489-2039', '카페 / 디저트', '만원 미만', '무료주차 가능', '10:00 - 24:00'],,,,,
['청년다방 (서울천호점)', '서울시 강동구 천호동 35-28', '02-477-2080', '기타 한식', '만원-2만원', '무료주차 가능', '11:00 - 22:30'],,,,,
['엘레나가든 (강동점)', '서울시 강동구 천호동 42', '02-487-2263', '뷔페', '만원-2만원', '유료주차 가능', '11:00 - 22:00'],,,,,
['으뜸횟집', '서울시 강동구 천호동 46-27', '02-6397-8113', '해산물 요리', '2만원-3만원', '무료주차 가능', '11:30 - 23:00'],,,,,
['호우스시', '서울시 강동구 천호동 45-2', '02-456-1230', '회 / 스시', '만원-2만원', '무료주차 가능', '11:00 - 22:00'],,,,,
['가인채 (홈플러스강동점)', '서울시 강동구 천호동 42', '02-474-6602', '탕 / 찌개 / 전골', '만원-2만원', '무료주차 가능', '11:00 - 21:30'],,,,,
['할매집순대국', '서울시 강동구 천호동 35-14', '02-478-7686', '탕 / 찌개 / 전골', 'None', 'None', 'None'],,,,,
['산수고원', '서울시 강동구 명일동 346-17', '02-428-3490', '고기 요리', '만원-2만원', '무료주차 가능', '11:00 - 21:30'],,,,,
['카페햅시바', '서울시 강동구 길동 339-1', '010-3593-9187', '카페 / 디저트', '만원 미만', '유료주차 가능', '08:30 - 24:00'],,,,,
['오륜브레드', '서울시 송파구 방이동 89', '02-404-0258', '베이커리', '만원 미만', '주차공간없음', '07:00 - 20:00'],,,,,
['파리크라상 (올림픽점)', '서울시 송파구 방이동 88-2', '02-424-0316', '베이커리', '만원 미만', '무료주차 가능', '07:00 - 23:00'],,,,,
['계절밥상 (올림픽공원점)', '서울시 송파구 방이동 88', '02-419-5561', '뷔페', '만원-2만원', '유료주차 가능', '11:00 - 22:00'],,,,,
['제일제면소 (올림픽공원점)', '서울시 송파구 방이동 88', '02-421-8181', '국수 / 면 요리', '만원 미만', '유료주차 가능', '11:00 - 22:00'],,,,,
['비스트로 오르소', '서울시 송파구 방이동 89-8', '02-449-7597', '이탈리안', '만원-2만원', '무료주차 가능', '11:00 - 22:00'],,,,,
['더한스아리아', '서울시 송파구 방이동 88-20', '02-415-8410', '이탈리안', '2만원-3만원', '무료주차 가능', '11:00 - 22:00'],,,,,
['다랑손칼국수', '서울시 송파구 방이동 89-11', '02-404-3002', '국수 / 면 요리', '만원 미만', '무료주차 가능', '11:00 - 20:00'],,,,,
['단풍애김밥 (올림픽공원역점)', '서울시 송파구 방이동 89-11', '02-404-0910', '기타 한식', '만원 미만', '무료주차 가능', '07:00 - 21:00'],,,,,
['해림식당', '서울시 송파구 방이동 89-11', '02-408-1278', '한정식 / 백반 / 정통 한식', '만원 미만', '유료주차 가능 2시간 무료', '11:00 - 20:00'],,,,,
['할리스커피 (올림픽 프라자점)', '서울시 송파구 방이동 89-11', '02-443-7997', '카페 / 디저트', '만원 미만', 'None', 'None'],,,,,
['하나로황제짜장', '서울시 송파구 마천동 307-36', '02-407-4175', '정통 중식 / 일반 중식', 'None', 'None', 'None'],,,,,
['코바코 (마천점)', '서울시 송파구 마천동 307-50', '02-408-8681', '까스 요리', 'None', 'None', 'None'],,,,,
['프라브', '서울시 송파구 마천동 183-70', '02-404-6463', '카페 / 디저트', 'None', 'None', 'None'],,,,,
['바니치킨', '서울시 송파구 마천동 190-42', '02-400-4219', '치킨 / 호프 / 펍', 'None', 'None', 'None'],,,,,
['카페298', '서울시 송파구 마천동 288-6', '010-9981-1508', '카페 / 디저트', 'None', 'None', 'None'],,,,,
['맛나닭가마솥치킨', '서울시 송파구 마천동 176-6', '02-449-6999', '닭 / 오리 요리', '만원 미만', '주차공간없음', '12:30 - 24:00'],,,,,
['우돈가네맛구이', '서울시 송파구 마천동 307-49', '02-406-1798', '고기 요리', 'None', 'None', 'None'],,,,,
['시즌티', '서울시 송파구 마천동 301-57', '070-7792-3500', '카페 / 디저트', 'None', 'None', 'None'],,,,,
['소육옥', '서울시 송파구 거여동 214-2', '02-430-5824', '고기 요리', 'None', 'None', 'None'],,,,,
['종로닭한마리', '서울시 송파구 마천동 307-22', '02-400-6763', '닭 / 오리 요리', 'None', 'None', 'None'],,,,,
['커피시네마', '서울시 은평구 불광동 217-3', '02-357-1830', '카페 / 디저트', '만원 미만', '주차공간없음', '월-금: 08:30 - 21:00\n토-일: 12:00 - 21:00'],,,,,
['대로부속집', '서울시 은평구 불광동 239-53', '02-357-9289', '고기 요리', 'None', 'None', 'None'],,,,,
['독바위바지락칼국수', '서울시 은평구 불광동 221-35', '010-8134-0416', '국수 / 면 요리', 'None', 'None', 'None'],,,,,
['올떡볶이 (불광점)', '서울시 은평구 불광동 641', '02-336-3131', '기타 한식', 'None', 'None', 'None'],,,,,
['제주돈창고', '서울시 은평구 불광동 221-12', '02-353-5565', '고기 요리', 'None', 'None', 'None'],,,,,
['하하호호족발', '서울시 은평구 불광동 13-18', '02-353-0290', '한정식 / 백반 / 정통 한식', 'None', 'None', 'None'],,,,,
['수연떡방앗간', '서울시 은평구 불광동 13-15', '02-354-7333', '베이커리', 'None', 'None', 'None'],,,,,
['한앤둘 (독바위점)', '서울시 은평구 불광동 239-17', '02-353-5092', '치킨 / 호프 / 펍', 'None', 'None', 'None'],,,,,
['마성의족발', '서울시 은평구 불광동 239-35', '02-389-5103', '한정식 / 백반 / 정통 한식', 'None', 'None', 'None'],,,,,
['치킨뱅이 (광흥창역점)', '서울시 마포구 창전동 302', '02-338-1999', '닭 / 오리 요리', '만원-2만원', '주차공간없음', '11:00 - 22:00'],,,,,
['스타벅스 (서강광흥창역점)', '서울시 마포구 창전동 130', '02-325-3351', '카페 / 디저트', '만원 미만', '주차공간없음', '07:00 - 23:00'],,,,,
['뚜레쥬르 (광흥창역점)', '서울시 마포구 창전동 444', '02-325-7009', '베이커리', '만원 미만', '주차공간없음', '07:00 - 23:30'],,,,,
['네네치킨 (광흥창역점)', '서울시 마포구 창전동 316-2', '02-335-4492', '치킨 / 호프 / 펍', '만원-2만원', '주차공간없음', '12:00 - 01:00'],,,,,
['빚은 (광흥창역점)', '서울시 마포구 창전동 316-2', '02-324-3336', '기타 한식', '만원-2만원', '주차공간없음', '07:00 - 22:00'],,,,,
['내고향왕만두 (광흥창역점)', '서울시 마포구 창전동 444', '010-6400-2913', '기타 한식', '만원 미만', '무료주차 가능', '07:00 - 20:00'],,,,,
['디어브레드 (고대점)', '서울시 성북구 안암동5가 101-82', '070-7661-4129', '베이커리', '만원 미만', '주차공간없음', '10:30 - 19:00']
['고른햇살', '서울시 성북구 안암동5가 147-5', '02-953-3394', '기타 한식', '만원 미만', '주차공간없음', '06:00 - 23:50']
['프로마치', '서울시 성북구 안암동5가 103-149', '070-4038-8537', '브런치 / 버거 / 샌드위치', '만원 미만', '주차공간없음', '11:00 - 20:00']
['용초수', '서울시 성북구 안암동5가 12-70', '02-922-7991', '정통 중식 / 일반 중식', '만원 미만', '주차공간없음', '10:30 - 21:00']
['샐러데이', '서울시 성북구 안암동5가 15-25', '02-6093-5449', '기타 양식', '만원 미만', '주차공간없음', '월-금: 07:30 - 21:00 토-일: 10:30 - 20:00']
['하트카페', '서울시 성북구 안암동5가 93-15', '02-928-9970', '카페 / 디저트', '만원 미만', '주차공간없음', '11:00 - 22:00']
['더베리와플', '서울시 성북구 안암동5가 15-60', '카페 / 디저트', '만원 미만', '주차공간없음', '', 'None']
['오샬', '서울시 성북구 안암동5가 146-5', '010-4864-3644', '인도 음식', '만원 미만', '주차공간없음', '11:30 - 21:30']
['정상호프', '서울시 성북구 안암동5가 101-47', '02-921-4284', '기타 양식', '만원 미만', '주차공간없음', '유동적']
['휘모리', '서울시 성북구 안암동5가 102-36', '010-7941-1728', '일반 주점', '만원-2만원', '무료주차 가능', '17:30 - 05:00']
['시저지', '서울시 성북구 석관동 340-191', '카페 / 디저트', '만원 미만', '주차공간없음', '월-금: 09:00 - 23:00\n토-일: 11:00 - 22:00', 'None']
['이웃사촌', '서울시 성북구 석관동 220-1', '02-965-2549', '한정식 / 백반 / 정통 한식', '무료주차 가능', '11:00 - 22:00', '15:00 - 16:30']
['석관시장떡볶이', '서울시 성북구 석관동 199-12', '02-965-3719', '기타 한식', '만원 미만', 'None', 'None']
['모구모구', '서울시 성북구 석관동 248-24', '02-967-5621', '정통 일식 / 일반 일식', 'None', 'None', 'None']
['성가네낙지마을 (석관점)', '서울시 성북구 석관동 343-19', '02-967-4078', '해산물 요리', '만원 미만', '무료주차 가능', '11:00 - 22:20']
['패티앤빅왕돈가스', '서울시 성북구 장위동 50-42', '02-967-1580', '까스 요리', 'None', 'None', 'None']
['셀렉토커피 (돌곶이역스타점)', '서울시 성북구 석관동 349-1', '02-967-6854', '카페 / 디저트', 'None', 'None', 'None']
['태성식당', '서울시 성북구 장위동 66-13', '02-918-6658', '고기 요리', '만원-2만원', '무료주차 가능', '10:30 - 22:00']
['대게축제', '서울시 성북구 석관동 173-1', '02-968-6300', '해산물 요리', 'None', 'None', 'None']
['세븐돈까스김밥', '서울시 성북구 장위동 64-8', '02-909-6599', '기타 한식', '만원 미만', '주차공간없음', '00:00 - 24:00']
['육부단', '서울시 중랑구 신내동 648', '02-3421-6992', '고기 요리', '만원-2만원', '무료주차 가능', '11:30 - 24:00']
['Mr왕', '서울시 중랑구 신내동 648', '02-3423-3318', '정통 중식 / 일반 중식', '만원 미만', 'None', 'None']
['토리자까나', '서울시 중랑구 신내동 648', '02-3421-0919', '이자카야 / 오뎅 / 꼬치', '만원-2만원', '11:00 - 01:00', '14:30 - 17:50']
['어썸커피', '서울시 중랑구 신내동 646', '02-3421-2002', '카페 / 디저트', '만원 미만', '', 'None']
['데일리파크', '서울시 중랑구 묵동 20', '02-3422-0146', '브런치 / 버거 / 샌드위치', '만원 미만', 'None', 'None']
['스시차이', '서울시 중랑구 신내동 648', '02-3421-8582', '회 / 스시', '만원-2만원', '무료주차 가능 지하주차장 이용가능', '11:30 - 22:00']
['봉화산커피', '서울시 중랑구 신내동 648', '010-8028-1119', '카페 / 디저트', '만원 미만', '유료주차 가능 2시간 무료', '월-토: 08:00 - 23:00\n일: 11:00 - 23:00']
['낙지방 (봉화산점)', '서울시 중랑구 신내동 648', '02-3421-1177', '해산물 요리', '', 'None', 'None']
['봉평막국수', '서울시 중랑구 신내동 648', '02-3423-3309', '국수 / 면 요리', '만원 미만', '유료주차 가능 2시간 무료', '10:00 - 22:00']
['유정집', '서울시 중랑구 신내동 644', '02-3423-3600', '고기 요리', '3만원-4만원', '무료주차 가능', '11:00 - 23:00']
['진미떡볶이', '경기도 성남시 수정구 신흥동 5493-5', '031-757-3369', '기타 한식', '만원-2만원', '주차공간없음', '10:00 - 22:00']
['쿠데타 (본점)', '경기도 성남시 수정구 수진동 2207', '031-757-6364', '카페 / 디저트', '만원-2만원', '주차공간없음', '11:00 - 23:00']
['어서오슈', '경기도 성남시 수정구 신흥동 6562', '031-758-0180', '카페 / 디저트', '만원 미만', '주차공간없음', '10:00 - 22:00']
['커피타는너구리', '경기도 성남시 수정구 수진동 1-3', '031-756-3323', '카페 / 디저트', '만원 미만', '유료주차 가능', '월-금: 11:00 - 22:00\n토-일: 11:00 - 23:00']
['란주천면관', '경기도 성남시 수정구 수진동 77', '031-721-5868', '기타 중식', '만원 미만', 'None', 'None']
['충칭소면', '경기도 성남시 수정구 수진동 41-2', '031-752-5489', '기타 중식', '만원 미만', '주차공간없음', '11:00 - 24:00']
['고래고래', '경기도 성남시 수정구 신흥동 5517', '031-756-7664', '치킨 / 호프 / 펍', '만원-2만원', '17:00 - 06:00', 'None']
['고기사랑', '경기도 성남시 수정구 신흥동 5507', '031-755-0363', '고기 요리', '만원 미만', '주차공간없음', '15:00 - 01:00']
['동방만두 전문점', '경기도 성남시 수정구 수진동 163', '031-722-3348', '딤섬 / 만두', '만원 미만', '주차공간없음', '10:00 - 22:00']
['쿠우쿠우', '경기도 성남시 수정구 수진동 5', '031-759-9000', '뷔페', '2만원-3만원', '유료주차 가능', '11:00 - 22:00']
['이조면옥', '서울시 강서구 가양동 138-9', '02-3661-3457', '국수 / 면 요리', '만원-2만원', '무료주차 가능', '11:30 - 21:30']
['별난낙지', '서울시 강서구 등촌동 681-3', '02-3661-8882', '탕 / 찌개 / 전골', '2만원-3만원', '무료주차 가능', '11:00 - 22:00']
['금왕돈까스', '서울시 강서구 가양동 148-10', '02-3663-8258', '기타 한식', '만원 미만', '무료주차 가능', '09:30 - 21:30']
['정통춘천닭갈비', '서울시 강서구 가양동 249-7', '02-2658-6727', '닭 / 오리 요리', '만원-2만원', 'None', 'None']
['1977김치찌개', '서울시 강서구 마곡동 727-23', '02-2659-5539', '탕 / 찌개 / 전골', '만원 미만', '유료주차 가능', '10:00 - 22:00']
['갯마을회전문점', '서울시 강서구 가양동 130-1', '02-3662-5112', '한정식 / 백반 / 정통 한식', 'None', 'None', 'None']
['카페드라무', '서울시 강서구 마곡동 784-6', '02-3661-1204', '카페 / 디저트', '만원 미만', '무료주차 가능', '월-금: 08:00 - 23:00\n토-일: 10:00 - 23:00']
['노렌', '서울시 강서구 마곡동 784-4', '02-3663-7524', '기타 한식', '만원 미만', '무료주차 가능', '11:00 - 23:00']
['먹태집', '서울시 강서구 마곡동 784-8', '02-2668-5858', '일반 주점', '만원-2만원', 'None', 'None']
['담소사골순대 (가양점)', '서울시 강서구 가양동 1498', '02-6968-5321', '탕 / 찌개 / 전골', 'None', 'None', 'None']
['신야텐야 (염창역점)', '서울시 양천구 목동 513-30', '02-2653-5533', '돈부리 / 일본 카레 / 벤토', '만원-2만원', '주차공간없음', '11:30 - 22:00']
['망향비빔국수 (강서점)', '서울시 강서구 염창동 263-7', '02-2659-6599', '국수 / 면 요리', '만원 미만', '무료주차 가능', '11:00 - 22:00']
['고씨네 (본점)', '서울시 양천구 목동 528-1', '02-2642-5288', '돈부리 / 일본 카레 / 벤토', '만원 미만', '무료주차 가능', '11:30 - 20:30']
['챠라챠라', '서울시 강서구 염창동 283-2', '02-6448-8411', '이자카야 / 오뎅 / 꼬치', '만원-2만원', '무료주차 가능', '18:00 - 03:30']
['인생덮밥', '서울시 양천구 목동 526-3', '070-8865-1991', '돈부리 / 일본 카레 / 벤토', '만원 미만', '주차공간없음', '11:00 - 23:00']
['이엄청난참치 (염창점)', '서울시 강서구 염창동 250-19', '02-3663-7373', '해산물 요리', '2만원-3만원', '주차공간없음', '18:00 - 24:00']
['카페더브릿지', '서울시 양천구 목동 515', '카페 / 디저트', '만원 미만', 'None', 'None', 'None']
['어가촌', '서울시 양천구 목동 528-1', '02-2644-4999', '해산물 요리', '만원-2만원', '무료주차 가능', '10:00 - 23:00']
['봉구비어 (염창역점)', '서울시 양천구 목동 527-3', '02-2648-0246', '치킨 / 호프 / 펍', 'None', 'None', 'None']
['농장이야기 (목동직영점)', '서울시 양천구 목동 530-3', '02-2645-4626', '고기 요리', '만원-2만원', 'None', 'None']
['정인면옥', '서울시 영등포구 여의도동 13-1', '02-2683-2615', '국수 / 면 요리', '만원 미만', '무료주차 가능', '11:00 - 21:30']
['커피기업', '서울시 영등포구 여의도동 13-25', '02-786-5671', '카페 / 디저트', '만원 미만', '주차공간없음', '월-금: 07:00 - 21:00\n토: 10:00 - 17:00']
['하동관', '서울시 영등포구 여의도동 15-24', '02-785-9292', '탕 / 찌개 / 전골', '만원-2만원', '유료주차 가능', '07:00 - 16:00']
['이도맨숀', '서울시 영등포구 여의도동 13-11', '고기 요리', '3만원-4만원', '11:30 - 23:00', '15:00 - 17:00', 'None']
['카페마마스 (여의도점)', '서울시 영등포구 여의도동 14-21', '02-783-5505', '브런치 / 버거 / 샌드위치', '만원-2만원', '유료주차 가능', '월-금: 07:30 - 22:00\n토-일: 09:00 - 21:30']
['올라 (KBS점)', '서울시 영등포구 여의도동 17', '02-2090-7220', '이탈리안', '만원-2만원', '발렛', '11:30 - 22:30']
['진진만두국 (서여의도점)', '서울시 영등포구 여의도동 13-20', '02-761-5454', '탕 / 찌개 / 전골', '만원 미만', '무료주차 가능', '11:00 - 22:00']
['김명자굴국밥전문점 (여의도점)', '서울시 영등포구 여의도동 14-11', '02-782-0954', '탕 / 찌개 / 전골', '만원 미만', '18:00 - 23:00', '없음']
['소호정 (여의도점)', '서울시 영등포구 여의도동 13', '02-780-0363', '국수 / 면 요리', '만원-2만원', '유료주차 가능', '11:00 - 21:30']
['그리츠', '서울시 영등포구 여의도동 17-5', '02-6222-5511', '뷔페', '4만원 이상', '유료주차 가능', '06:30 - 22:00']
